location,month,day,year,sex,museum,species,assecion_number,from,cut
Aruba,7,19,2017,NA,CLO,Porzana carolina (Linnaeus,URN:catalog:CLO:EBIRD:OBS519843548,gbifFILE,
Aruba,7,25,2016,NA,CLO,Porzana carolina (Linnaeus,URN:catalog:CLO:EBIRD_CB:OBS420197850,gbifFILE,
Aruba,7,25,2016,NA,FROMEBIRD,Porzana carolina,NA,ebirdFILE,X
Aruba,7,19,2017,NA,FROMEBIRD,Porzana carolina,NA,ebirdFILE,X
Bahamas,1,23,1949,male,UMMZ,Porzana carolina,urn:catalog:UMMZ:Birds:119532,vertnetFILE,
Bahamas,2,14,1949,female,UMMZ,Porzana carolina,urn:catalog:UMMZ:Birds:119533,vertnetFILE,
Bahamas,11,30,1959,,UF,Porzana carolina,372407D2-BA7E-43B5-ABBA-2C635EA9D85B,vertnetFILE,
Bahamas,11,30,1958,,UF,Porzana carolina,c7cfae34-fecf-4536-90fc-e969a09b42c4,vertnetFILE,
Bahamas,4,6,1946,female,CM,Porzana carolina,urn:catalog:CM:Birds:P130937,vertnetFILE,
Bahamas,12,14,1901,male,NHMUK,Porzana carolina,079c9948-975d-40a4-a650-bb4f3d95627b,vertnetFILE,
Bahamas,4,9,1982,undetermined,UF,Porzana carolina,urn:catalog:UF:Birds:42172,vertnetFILE,
Bahamas,2,1,1981,,USNM,Porzana carolina,http://n2t.net/ark:/65665/336a4798b-3caa-4098-b200-7408e4e527cc,vertnetFILE,
Bahamas,2,1,1981,,USNM,Porzana carolina,http://n2t.net/ark:/65665/34b471760-c9bb-4fcb-8671-5d4b81e32b54,vertnetFILE,
Bahamas,2,1,1981,,USNM,Porzana carolina,http://n2t.net/ark:/65665/3653249d3-d4a2-4354-a1b2-421e296aa55a,vertnetFILE,
Bahamas,2,1,1981,,USNM,Porzana carolina,http://n2t.net/ark:/65665/36836e0d5-58a7-4aa0-a611-d59daab50bc4,vertnetFILE,
Bahamas,2,1,1981,,USNM,Porzana carolina,http://n2t.net/ark:/65665/36d892795-331a-4110-82b2-2be59d93ac8c,vertnetFILE,
Bahamas,2,1,1981,,USNM,Porzana carolina,http://n2t.net/ark:/65665/3e64b04ad-0de5-4d50-92c3-d0bbf3a4d70e,vertnetFILE,
Bahamas,2,19,1909,female,CM,Porzana carolina,urn:catalog:CM:Birds:P30827,vertnetFILE,
Bahamas,2,19,1909,male,CM,Porzana carolina,urn:catalog:CM:Birds:P30828,vertnetFILE,
Bahamas,1,21,1999,female,UF,Porzana carolina,urn:catalog:UF:Birds:41190,vertnetFILE,
Bahamas,4,1,1902,male,UMZC,Porzana carolina,urn:catalog:UMZC:Vertebrates:15/Ral/44/c/9,vertnetFILE,
Bahamas,2,1,1981,,USNM,Porzana carolina,http://n2t.net/ark:/65665/322225dd8-75a4-48c4-9fe9-b8ff6bc17fda,vertnetFILE,
Bahamas,2,1,1981,,USNM,Porzana carolina,http://n2t.net/ark:/65665/33b039f22-67f9-42f8-b3ae-2331fea43317,vertnetFILE,
Bahamas,2,1,1981,,USNM,Porzana carolina,http://n2t.net/ark:/65665/34a2e19f5-e5e0-4662-b031-f9f7caee35cd,vertnetFILE,
Bahamas,2,1,1981,,USNM,Porzana carolina,http://n2t.net/ark:/65665/34c7ba680-f906-40cf-be07-ca1c2e553548,vertnetFILE,
Bahamas,2,1,1981,,USNM,Porzana carolina,http://n2t.net/ark:/65665/38da5b75b-de44-4c61-9d9f-461794f4f9b6,vertnetFILE,
Bahamas,2,1,1981,,USNM,Porzana carolina,http://n2t.net/ark:/65665/3a590c06b-0432-4c66-9e46-00b6c4636e85,vertnetFILE,
Bahamas,2,7,1981,,USNM,Porzana carolina,http://n2t.net/ark:/65665/3ac88530e-0cbc-4da6-8b00-ef1d758b7cb6,vertnetFILE,
Bahamas,2,1,1981,,USNM,Porzana carolina,http://n2t.net/ark:/65665/3c036e132-3284-4ab2-8466-78fd5a5ce5d0,vertnetFILE,
Bahamas,2,1,1981,,USNM,Porzana carolina,http://n2t.net/ark:/65665/3c0c70e9c-cc3f-486f-8de5-5e9b6204b448,vertnetFILE,
Bahamas,2,1,1981,,USNM,Porzana carolina,http://n2t.net/ark:/65665/3f55df3e2-91ef-4b81-80ab-217288b5d4cf,vertnetFILE,
Bahamas,2,1,1981,,USNM,Porzana carolina,http://n2t.net/ark:/65665/3f7735bd4-870a-4ecd-92a5-14b7e5ddcf73,vertnetFILE,
Bahamas,9,NA,1999,male,UF,Porzana carolina,urn:catalog:UF:Birds:42506,vertnetFILE,
Bahamas,NA,NA,NA,,LSUMZ,Porzana carolina,urn:catalog:LSUMZ:Birds:141622,vertnetFILE,
Bahamas,NA,NA,NA,,LSUMZ,Porzana carolina,urn:catalog:LSUMZ:Birds:141624,vertnetFILE,
Bahamas,NA,NA,NA,,LSUMZ,Porzana carolina,urn:catalog:LSUMZ:Birds:141625,vertnetFILE,
Bahamas,NA,NA,NA,,LSUMZ,Porzana carolina,urn:catalog:LSUMZ:Birds:83634,vertnetFILE,
Bahamas,NA,NA,NA,,LSUMZ,Porzana carolina,urn:catalog:LSUMZ:birdsTissues:49355,vertnetFILE,
Bahamas,NA,NA,NA,,LSUMZ,Porzana carolina,urn:catalog:LSUMZ:Birds:141621,vertnetFILE,
Bahamas,NA,NA,NA,,LSUMZ,Porzana carolina,urn:catalog:LSUMZ:Birds:141623,vertnetFILE,
Bahamas,NA,NA,NA,,LSUMZ,Porzana carolina,urn:catalog:LSUMZ:birdsTissues:71024,vertnetFILE,
Bahamas,7,22,2018,NA,CLO,Porzana carolina (Linnaeus,URN:catalog:CLO:EBIRD:OBS641913807,gbifFILE,
Bahamas,7,22,2018,NA,CLO,Porzana carolina (Linnaeus,URN:catalog:CLO:EBIRD:OBS642119379,gbifFILE,
Bahamas,6,11,2016,NA,CLO,Porzana carolina (Linnaeus,URN:catalog:CLO:EBIRD_CB:OBS411360195,gbifFILE,
Bahamas,6,11,2016,NA,CLO,Porzana carolina (Linnaeus,URN:catalog:CLO:EBIRD_CB:OBS411348882,gbifFILE,
Bahamas,6,11,2016,NA,CLO,Porzana carolina (Linnaeus,URN:catalog:CLO:EBIRD_CB:OBS411375924,gbifFILE,
Bahamas,6,11,2016,NA,CLO,Porzana carolina (Linnaeus,URN:catalog:CLO:EBIRD_CB:OBS411530231,gbifFILE,
Bahamas,6,11,2016,NA,FROMEBIRD,Porzana carolina,NA,ebirdFILE,X
Bahamas,6,11,2016,NA,FROMEBIRD,Porzana carolina,NA,ebirdFILE,X
Bahamas,6,11,2016,NA,FROMEBIRD,Porzana carolina,NA,ebirdFILE,X
Bahamas,6,11,2016,NA,FROMEBIRD,Porzana carolina,NA,ebirdFILE,X
Bahamas,7,22,2018,NA,FROMEBIRD,Porzana carolina,NA,ebirdFILE,X
Bahamas,7,22,2018,NA,FROMEBIRD,Porzana carolina,NA,ebirdFILE,X
Barbados,10,7,1888,female,UMZC,Porzana carolina,urn:catalog:UMZC:Vertebrates:15/Ral/44/c/1,vertnetFILE,
Barbados,11,7,1888,female,UMZC,Porzana carolina,urn:catalog:UMZC:Vertebrates:15/Ral/44/c/13,vertnetFILE,
Barbados,11,21,1888,female,UMZC,Porzana carolina,urn:catalog:UMZC:Vertebrates:15/Ral/44/c/3,vertnetFILE,
Barbados,11,7,1888,female,UMZC,Porzana carolina,urn:catalog:UMZC:Vertebrates:15/Ral/44/c/6,vertnetFILE,
Barbados,3,20,1954,male,YPM,Porzana carolina,urn:uuid:b9decb9a-b7a0-42a1-b40f-69253d079bc3,vertnetFILE,
Barbados,10,4,1902,male,NHMUK,Porzana carolina,a23e3987-5773-4df5-8e1e-8d6beb9d6351,vertnetFILE,
Barbados,11,24,1888,female,UMZC,Porzana carolina,urn:catalog:UMZC:Vertebrates:15/Ral/44/c/2,vertnetFILE,
Barbados,11,5,1888,,UMZC,Porzana carolina,urn:catalog:UMZC:Vertebrates:15/Ral/44/c/4,vertnetFILE,
Barbados,11,22,1888,female,UMZC,Porzana carolina,urn:catalog:UMZC:Vertebrates:15/Ral/44/c/8,vertnetFILE,
Barbados,4,15,1954,male,YPM,Porzana carolina,urn:uuid:c68674be-9ab8-4b58-8fc9-f758a7330859,vertnetFILE,
Belize,6,NA,1880,male,Tring,Sora,89.11.20.86,tringFILE,
Belize,10,12,1971,undetermined,CM,Porzana carolina,urn:catalog:CM:Birds:P144863,vertnetFILE,
Belize,NA,NA,NA,,LSUMZ,Porzana carolina,urn:catalog:LSUMZ:Birds:21793,vertnetFILE,
Belize,NA,NA,NA,undetermined,CM,Porzana carolina,urn:catalog:CM:Birds:P25191,vertnetFILE,
Belize,NA,NA,NA,,LSUMZ,Porzana carolina,urn:catalog:LSUMZ:Birds:20516,vertnetFILE,
Belize,7,28,2015,NA,CLO,Porzana carolina (Linnaeus,URN:catalog:CLO:EBIRD:OBS339506374,gbifFILE,
Belize,7,28,2015,NA,CLO,Porzana carolina (Linnaeus,URN:catalog:CLO:EBIRD:OBS333723993,gbifFILE,
Belize,7,28,2015,NA,FROMEBIRD,Porzana carolina,NA,ebirdFILE,X
Belize,7,28,2015,NA,FROMEBIRD,Porzana carolina,NA,ebirdFILE,X
Bermuda,10,2,1957,undetermined,AMNH,Porzana carolina,,vertnetFILE,
Bermuda,11,NA,1959,female,AMNH,Porzana carolina,,vertnetFILE,
Bermuda,7,NA,1979,,USNM,Porzana carolina,http://n2t.net/ark:/65665/3f4fc2ab9-ccd1-43d8-9fa2-bb72f8908c5b,vertnetFILE,
Bermuda,7,NA,1979,NA,USNM,Porzana carolina (Linnaeus,http://n2t.net/ark:/65665/3f4fc2ab9-ccd1-43d8-9fa2-bb72f8908c5b,gbifFILE,
Bermuda,6,1,2017,NA,CLO,Porzana carolina (Linnaeus,URN:catalog:CLO:EBIRD:OBS507002467,gbifFILE,
Bermuda,6,1,2017,NA,FROMEBIRD,Porzana carolina,NA,ebirdFILE,X
Brazil,NA,NA,NA,undetermined,USNM,Porzana carolina,http://n2t.net/ark:/65665/375762cf8-b03c-4d17-9a4e-1241c32051f1,vertnetFILE,
British Virgin Islands,12,31,1933,male,USNM,Porzana carolina,http://n2t.net/ark:/65665/339d5eb8f-04aa-44a7-9c69-b6fa35dc01fa,vertnetFILE,
Caribbean Netherlands,6,24,1984,NA,FROMEBIRD,Porzana carolina,NA,ebirdFILE,
Caribbean Netherlands,7,14,2000,NA,FROMEBIRD,Porzana carolina,NA,ebirdFILE,
Cayman Islands,7,30,1965,,UF,Porzana carolina,F0820F8D-B742-4C70-8E5B-838A9CE13CCC,vertnetFILE,
Colombia,2,27,1929,male,UMMZ,Porzana carolina,urn:catalog:UMMZ:Birds:67230,vertnetFILE,
Colombia,1,2,1950,female,USNM,Porzana carolina,http://n2t.net/ark:/65665/374b6ba58-abf8-447f-aed6-df656fb6f42a,vertnetFILE,
Colombia,2,NA,1936,undetermined,USNM,Porzana carolina,http://n2t.net/ark:/65665/3093460a5-4f11-4bf3-a3eb-71d5c6fff1eb,vertnetFILE,
Colombia,2,21,1913,female,AMNH,Porzana carolina,,vertnetFILE,
Colombia,10,12,1915,male,CM,Porzana carolina,urn:catalog:CM:Birds:P49592,vertnetFILE,
Colombia,10,14,1915,female,CM,Porzana carolina,urn:catalog:CM:Birds:P49635,vertnetFILE,
Colombia,11,17,1928,,MCZ,Porzana carolina,MCZ:Orn:141835,vertnetFILE,
Colombia,5,1,1936,undetermined,USNM,Porzana carolina,http://n2t.net/ark:/65665/309b73d5e-2d41-48f3-9138-8ba909e6523f,vertnetFILE,
Colombia,NA,NA,1876,female,NHMUK,Porzana carolina,7b73ab87-017f-45e3-bbee-68ee4aafdc6a,vertnetFILE,
Colombia,NA,NA,NA,male,AMNH,Porzana carolina,,vertnetFILE,
Colombia,NA,NA,NA,,AMNH,Porzana carolina,,vertnetFILE,
Colombia,7,12,2006,NA,Asociación para el Estudio y Conservación de las Aves Acuáticas en Colombia (CALIDRIS),Porzana carolina (Linnaeus,CALIDRIS:CNAA:020216-110731:YCS3389,gbifFILE,
Colombia,7,13,2008,NA,Asociación para el Estudio y Conservación de las Aves Acuáticas en Colombia (CALIDRIS),Porzana carolina (Linnaeus,CALIDRIS:CNAA:020216-110731:YCS6137,gbifFILE,
Colombia,7,NA,1990,NA,Instituto de Investigación de Recursos Biológicos Alexander von Humboldt (IAvH),Porzana carolina (Linnaeus,IAvH:IAvH-A-7287,gbifFILE,
Colombia,7,12,2006,NA,CLO,Porzana carolina (Linnaeus,URN:catalog:CLO:EBIRD:OBS425809322,gbifFILE,
Colombia,6,25,2006,NA,Red Nacional de Observadores de Aves (RNOA),Porzana carolina (Linnaeus,AVCO:RNOA:AVES:361464,gbifFILE,
Colombia,6,25,2006,NA,Red Nacional de Observadores de Aves (RNOA),Porzana carolina (Linnaeus,AVCO:RNOA:AVES:312022,gbifFILE,
Colombia,6,25,2006,NA,Red Nacional de Observadores de Aves (RNOA),Porzana carolina (Linnaeus,AVCO:RNOA:AVES:000006,gbifFILE,
Colombia,7,29,1995,NA,Red Nacional de Observadores de Aves (RNOA),Porzana carolina (Linnaeus,AVCO:RNOA:AVES:097122,gbifFILE,
Colombia,7,29,1995,NA,Red Nacional de Observadores de Aves (RNOA),Porzana carolina (Linnaeus,AVCO:RNOA:AVES:167097,gbifFILE,
Colombia,7,12,2006,NA,FROMEBIRD,Porzana carolina,NA,ebirdFILE,X
Columbia,NA,NA,1876,NA,Tring,Sora,NA,tringFILE,
Columbia,5,NA,1944,f,field_museum,Sora,416082,fieldmuseumFILE,
Costa Rica,NA,NA,NA,NA,Tring,Sora,NA,tringFILE,
Costa Rica,10,14,1899,male,ROM,Porzana carolina,URI:catalog:ROM:Birds:37375,vertnetFILE,
Costa Rica,9,9,1904,male,AMNH,Porzana carolina,,vertnetFILE,
Costa Rica,9,29,1893,female,MCZ,Porzana carolina,MCZ:Orn:116368,vertnetFILE,
Costa Rica,10,2,1897,male,MCZ,Porzana carolina,MCZ:Orn:116369,vertnetFILE,
Costa Rica,11,15,1905,male,MCZ,Porzana carolina,MCZ:Orn:119214,vertnetFILE,
Costa Rica,10,16,1903,female,MCZ,Porzana carolina,MCZ:Orn:122558,vertnetFILE,
Costa Rica,10,19,1899,male,MCZ,Porzana carolina,MCZ:Orn:116370,vertnetFILE,
Costa Rica,NA,NA,NA,female,AMNH,Porzana carolina,,vertnetFILE,
Cuba,6,20,1933,f,field_museum,Sora,157464,fieldmuseumFILE,
Cuba,10,17,1955,male,YPM,Porzana carolina,urn:uuid:98f8d0c4-3136-497f-b8cf-cdc81edf728e,vertnetFILE,
Cuba,10,17,1955,male,YPM,Porzana carolina,urn:uuid:2fb3388a-a4b8-4c4e-a2e7-ffe610bbd5f2,vertnetFILE,
Cuba,2,NA,2004,,CLO,Porzana carolina,1d6feb70-6710-49c2-8a05-7411eab89047,vertnetFILE,
Cuba,2,23,1915,male,MCZ,Porzana carolina,MCZ:Orn:67211,vertnetFILE,
Cuba,10,16,1914,female,USNM,Porzana carolina,http://n2t.net/ark:/65665/3204f8e3e-fca4-49fe-bc2d-ac3da37a7433,vertnetFILE,
Cuba,10,26,1908,male,USNM,Porzana carolina,http://n2t.net/ark:/65665/32439637b-0fdc-4aeb-a25e-fd40a4ad1634,vertnetFILE,
Cuba,9,9,1955,female,YPM,Porzana carolina,urn:uuid:d06d8dda-cab7-4b65-a722-74de482e644b,vertnetFILE,
Cuba,NA,NA,NA,,RBINS,"Porzana carolina (Linnaeus, 1758)",urn:catalog:RBINS:Aves:431586,vertnetFILE,
Cuba,6,20,1933,NA,FMNH,Porzana carolina (Linnaeus,f4d4be0f-82ca-4ba9-8781-2aad657162ab,gbifFILE,
Dominica,3,19,1964,undetermined,USNM,Porzana carolina,http://n2t.net/ark:/65665/31749f827-56a0-4bf7-ac53-11122b07a2e5,vertnetFILE,
Dominica,NA,NA,NA,,LSUMZ,Porzana carolina,urn:catalog:LSUMZ:Birds:141628,vertnetFILE,
Dominican Republic,3,19,1922,male,USNM,Porzana carolina,http://n2t.net/ark:/65665/315643979-e75f-41ce-8221-16c298d2a399,vertnetFILE,
Dominican Republic,3,18,1922,male,USNM,Porzana carolina,http://n2t.net/ark:/65665/36178fab0-1469-4a72-88bb-67829e4dad42,vertnetFILE,
Dominican Republic,3,18,1922,male,USNM,Porzana carolina,http://n2t.net/ark:/65665/3cfff405f-62f9-483a-beed-114b0eb411ae,vertnetFILE,
Ecuador,NA,NA,1876,NA,Tring,Sora,NA,tringFILE,
Ecuador,2,NA,1880,NA,Tring,Sora,NA,tringFILE,
Ecuador,2,6,1955,NA,Tring,Sora,NA,tringFILE,
Ecuador,NA,NA,NA,NA,Tring,Sora,NA,tringFILE,
Ecuador,2,13,1902,female,ROM,Porzana carolina,URI:catalog:ROM:Birds:37387,vertnetFILE,
Ecuador,2,3,1913,male,AMNH,Porzana carolina,,vertnetFILE,
Ecuador,3,10,1925,female,AMNH,Porzana carolina,,vertnetFILE,
Ecuador,NA,NA,NA,female,AMNH,Porzana carolina,,vertnetFILE,
El Salvador,10,29,1975,female,AMNH,Porzana carolina,,vertnetFILE,
Grenada,4,4,1891,,NHMUK,Porzana carolina,71094fd4-1a50-4a11-86cc-ffcb552e7981,vertnetFILE,
Grenada,1,2,1904,female,NHMUK,Porzana carolina,2503b568-95b6-432e-8925-d978f78a0094,vertnetFILE,
Grenada,12,2,1902,,NHMUK,Porzana carolina,b1afcb5f-e1db-4c9f-a018-e6a4c3fa676a,vertnetFILE,
Grenada,10,13,1881,female,USNM,Porzana carolina,http://n2t.net/ark:/65665/3074bf185-bac5-4c2d-a9c8-eee0c5e9a18f,vertnetFILE,
Grenada,10,13,1881,female,USNM,Porzana carolina,http://n2t.net/ark:/65665/399bba392-cb06-48f5-9671-4df2ccf85db5,vertnetFILE,
Guatemala,NA,NA,NA,NA,Tring,Sora,NA,tringFILE,
Guatemala,10,18,1961,NA,Tring,Sora,NA,tringFILE,
Guatemala,NA,NA,NA,NA,Tring,Sora,NA,tringFILE,
Guatemala,NA,NA,1861,NA,Tring,Sora,NA,tringFILE,
Guatemala,11,NA,1859,NA,Tring,Sora,NA,tringFILE,
Guatemala,2,9,1858,NA,Tring,Sora,NA,tringFILE,
Guatemala,NA,NA,1848,,UMZC,Porzana carolina,urn:catalog:UMZC:Vertebrates:15/Ral/44/c/17,vertnetFILE,
Guatemala,NA,NA,NA,,MCZ,Porzana carolina,MCZ:Orn:344054,vertnetFILE,
Guatemala,NA,NA,NA,,RBINS,"Porzana carolina (Linnaeus, 1758)",urn:catalog:RBINS:Aves:331956,vertnetFILE,
Guatemala,NA,NA,NA,undetermined,USNM,Porzana carolina,http://n2t.net/ark:/65665/36e34ecb1-fe9c-49b8-9084-bae46286ac03,vertnetFILE,
Guatemala,NA,NA,NA,,AMNH,Porzana carolina,,vertnetFILE,
Guatemala,NA,NA,NA,,RBINS,"Porzana carolina (Linnaeus, 1758)",urn:catalog:RBINS:Aves:319970,vertnetFILE,
Guatemala,7,18,2009,NA,FROMEBIRD,Porzana carolina,NA,ebirdFILE,
Guyana,NA,NA,1911,NA,Tring,Sora,NA,tringFILE,
Haiti,1,1,1800,,CHAS,Porzana carolina,http://arctos.database.museum/guid/CHAS:Bird:1754?seid=3227729,vertnetFILE,
Haiti,3,11,1918,female,USNM,Porzana carolina,http://n2t.net/ark:/65665/3f10b0407-a588-49fd-80ba-71c4dcc1d11f,vertnetFILE,
Honduras,10,12,1931,female,MCZ,Porzana carolina,MCZ:Orn:161085,vertnetFILE,
Honduras,NA,NA,NA,,LSUMZ,Porzana carolina,urn:catalog:LSUMZ:Birds:28950,vertnetFILE,
Jamaica,NA,NA,NA,male,"Ohio State University - Bird Division, Columbus, OH (OSUM)",Porzana carolina,urn:lsid:biosci.ohio-state.edu:osuc_occurrences:OSUM__Birds__TB__1481,vertnetFILE,
Jamaica,NA,NA,NA,male,YPM,Porzana carolina,urn:uuid:a03b271a-20f1-44ff-93cd-c8c7fc7f87a6,vertnetFILE,
Jamaica,1,22,1909,,MCZ,Porzana carolina,MCZ:Orn:122885,vertnetFILE,
Jamaica,1,26,1909,male,MCZ,Porzana carolina,MCZ:Orn:122886,vertnetFILE,
Jamaica,1,22,1909,male,MCZ,Porzana carolina,MCZ:Orn:122889,vertnetFILE,
Jamaica,1,22,1909,male,MCZ,Porzana carolina,MCZ:Orn:122890,vertnetFILE,
Jamaica,1,20,1909,male,MCZ,Porzana carolina,MCZ:Orn:122891,vertnetFILE,
Jamaica,1,7,1909,male,MCZ,Porzana carolina,MCZ:Orn:122892,vertnetFILE,
Jamaica,1,26,1909,female,MCZ,Porzana carolina,MCZ:Orn:122894,vertnetFILE,
Jamaica,12,22,1859,male,NHMUK,Porzana carolina,36a401ec-9844-41af-a15f-8e7941001b63,vertnetFILE,
Jamaica,1,8,1909,female,NHMUK,Porzana carolina,b4fe2cdf-cb84-4d36-aea3-37b810a2d0a6,vertnetFILE,
Jamaica,1,7,1909,male,MCZ,Porzana carolina,MCZ:Orn:122887,vertnetFILE,
Jamaica,1,22,1909,female,MCZ,Porzana carolina,MCZ:Orn:122888,vertnetFILE,
Jamaica,1,22,1909,female,MCZ,Porzana carolina,MCZ:Orn:122893,vertnetFILE,
Jamaica,1,21,1909,male,MCZ,Porzana carolina,MCZ:Orn:122895,vertnetFILE,
Jamaica,1,14,1909,male,MCZ,Porzana carolina,MCZ:Orn:122896,vertnetFILE,
Jamaica,1,6,1909,male,MCZ,Porzana carolina,MCZ:Orn:122897,vertnetFILE,
Jamaica,11,11,1879,,UMZC,Porzana carolina,urn:catalog:UMZC:Vertebrates:15/Ral/44/c/14,vertnetFILE,
Jamaica,3,NA,1880,female,UMZC,Porzana carolina,urn:catalog:UMZC:Vertebrates:15/Ral/44/c/15,vertnetFILE,
Jamaica,NA,NA,NA,,UMZC,Porzana carolina,urn:catalog:UMZC:Vertebrates:15/Ral/44/c/11,vertnetFILE,
Lesser Antilles,10,17,1955,female,ANSP,Porzana carolina,ANSP ORN 169955,vertnetFILE,
Lesser Antilles,1,3,1929,undetermined,ANSP,Porzana carolina,ANSP ORN 86376,vertnetFILE,
Mexico,2,NA,1886,NA,Tring,Sora,NA,tringFILE,
Mexico,2,NA,1884,NA,Tring,Sora,NA,tringFILE,
Mexico,2,NA,1886,NA,Tring,Sora,NA,tringFILE,
Mexico,8,20,1888,male,Tring,Sora,91.11.4.180,tringFILE,
Mexico,1,14,1955,female,MLZ,Porzana carolina,http://arctos.database.museum/guid/MLZ:Bird:59068?seid=1573953,vertnetFILE,
Mexico,1,18,1955,male,MLZ,Porzana carolina,http://arctos.database.museum/guid/MLZ:Bird:59069?seid=268106,vertnetFILE,
Mexico,7,3,1964,male,MLZ,Porzana carolina,http://arctos.database.museum/guid/MLZ:Bird:65421?seid=1619375,vertnetFILE,
Mexico,1,7,1942,male,MLZ,Porzana carolina,http://arctos.database.museum/guid/MLZ:Bird:66553?seid=1626131,vertnetFILE,
Mexico,9,25,1933,male,MLZ,Porzana carolina,http://arctos.database.museum/guid/MLZ:Bird:9828?seid=1477927,vertnetFILE,
Mexico,3,9,1948,male,MVZ,Porzana carolina,http://arctos.database.museum/guid/MVZ:Bird:115378?seid=315612,vertnetFILE,
Mexico,9,7,1948,male,MVZ,Porzana carolina,http://arctos.database.museum/guid/MVZ:Bird:119322?seid=1387509,vertnetFILE,
Mexico,3,29,1961,female,MVZ,Porzana carolina,http://arctos.database.museum/guid/MVZ:Bird:142314?seid=1051663,vertnetFILE,
Mexico,4,6,1925,female,MVZ,Porzana carolina,http://arctos.database.museum/guid/MVZ:Bird:47201?seid=1618009,vertnetFILE,
Mexico,3,2,1928,male,MVZ,Porzana carolina,http://arctos.database.museum/guid/MVZ:Bird:52083?seid=493583,vertnetFILE,
Mexico,3,10,1928,male,MVZ,Porzana carolina,http://arctos.database.museum/guid/MVZ:Bird:52085?seid=1238482,vertnetFILE,
Mexico,8,22,1929,female,MVZ,Porzana carolina,http://arctos.database.museum/guid/MVZ:Bird:54850?seid=977037,vertnetFILE,
Mexico,8,7,1941,female,MLZ,Porzana carolina,http://arctos.database.museum/guid/MLZ:Bird:30875?seid=968009,vertnetFILE,
Mexico,1,25,1942,male,MLZ,Porzana carolina,http://arctos.database.museum/guid/MLZ:Bird:32511?seid=1676691,vertnetFILE,
Mexico,1,24,1945,female,MLZ,Porzana carolina,http://arctos.database.museum/guid/MLZ:Bird:41055?seid=1281882,vertnetFILE,
Mexico,9,24,1945,female,MLZ,Porzana carolina,http://arctos.database.museum/guid/MLZ:Bird:41510?seid=887893,vertnetFILE,
Mexico,10,23,1943,female,MLZ,Porzana carolina,http://arctos.database.museum/guid/MLZ:Bird:46823?seid=787037,vertnetFILE,
Mexico,2,17,1953,male,MLZ,Porzana carolina,http://arctos.database.museum/guid/MLZ:Bird:55017?seid=552780,vertnetFILE,
Mexico,3,20,1925,male,MVZ,Porzana carolina,http://arctos.database.museum/guid/MVZ:Bird:47200?seid=672982,vertnetFILE,
Mexico,4,28,1927,female,MVZ,Porzana carolina,http://arctos.database.museum/guid/MVZ:Bird:50744?seid=899999,vertnetFILE,
Mexico,10,18,1928,female,MVZ,Porzana carolina,http://arctos.database.museum/guid/MVZ:Bird:54849?seid=493567,vertnetFILE,
Mexico,NA,NA,NA,[male],ROM,Porzana carolina,URI:catalog:ROM:Birds:37386,vertnetFILE,
Mexico,8,15,1946,male,AMNH,Porzana carolina,,vertnetFILE,
Mexico,8,25,1946,,AMNH,Porzana carolina,,vertnetFILE,
Mexico,1,7,1893,male,AMNH,Porzana carolina,,vertnetFILE,
Mexico,9,3,1904,male,AMNH,Porzana carolina (Linn.),,vertnetFILE,
Mexico,5,29,1936,female,MCZ,Porzana carolina,MCZ:Orn:172756,vertnetFILE,
Mexico,8,11,1905,female,MCZ,Porzana carolina,MCZ:Orn:302848,vertnetFILE,
Mexico,9,1,1905,male,MCZ,Porzana carolina,MCZ:Orn:302849,vertnetFILE,
Mexico,1,22,1909,male,MCZ,Porzana carolina,MCZ:Orn:49834,vertnetFILE,
Mexico,12,3,1910,male,MCZ,Porzana carolina,MCZ:Orn:56917,vertnetFILE,
Mexico,12,1,1910,male,MCZ,Porzana carolina,MCZ:Orn:56918,vertnetFILE,
Mexico,11,5,1910,male,MCZ,Porzana carolina,MCZ:Orn:56919,vertnetFILE,
Mexico,12,6,1910,male,MCZ,Porzana carolina,MCZ:Orn:56920,vertnetFILE,
Mexico,12,8,1910,male,MCZ,Porzana carolina,MCZ:Orn:56921,vertnetFILE,
Mexico,11,27,1910,female,MCZ,Porzana carolina,MCZ:Orn:56923,vertnetFILE,
Mexico,11,13,1910,male,MCZ,Porzana carolina,MCZ:Orn:56927,vertnetFILE,
Mexico,11,15,1910,male,MCZ,Porzana carolina,MCZ:Orn:56929,vertnetFILE,
Mexico,11,30,1910,male,MCZ,Porzana carolina,MCZ:Orn:56930,vertnetFILE,
Mexico,11,30,1910,male,MCZ,Porzana carolina,MCZ:Orn:56937,vertnetFILE,
Mexico,12,8,1910,male,MCZ,Porzana carolina,MCZ:Orn:56938,vertnetFILE,
Mexico,11,28,1910,male,MCZ,Porzana carolina,MCZ:Orn:56941,vertnetFILE,
Mexico,12,6,1910,male,MCZ,Porzana carolina,MCZ:Orn:56944,vertnetFILE,
Mexico,12,8,1910,female,MCZ,Porzana carolina,MCZ:Orn:56945,vertnetFILE,
Mexico,3,9,1928,female,MVZ,Porzana carolina,http://arctos.database.museum/guid/MVZ:Bird:52084?seid=1798725,vertnetFILE,
Mexico,12,17,1930,male,MVZ,Porzana carolina,http://arctos.database.museum/guid/MVZ:Bird:59285?seid=628654,vertnetFILE,
Mexico,12,25,1930,male,MVZ,Porzana carolina,http://arctos.database.museum/guid/MVZ:Bird:59286?seid=628578,vertnetFILE,
Mexico,1,24,1929,male,UCLA,Porzana carolina,urn:catalog:UCLA:Birds:27671,vertnetFILE,
Mexico,1,31,1929,male,UCLA,Porzana carolina,urn:catalog:UCLA:Birds:27728,vertnetFILE,
Mexico,3,5,1940,male,UMMZ,Porzana carolina,urn:catalog:UMMZ:Birds:108179,vertnetFILE,
Mexico,2,6,1963,male,UWBM,Porzana carolina,urn:catalog:UWBM:Bird:56265,vertnetFILE,
Mexico,11,18,1959,male,WFVZ,,urn:catalog:WFVZ:Bird:6971,vertnetFILE,
Mexico,11,21,1959,female,WFVZ,,urn:catalog:WFVZ:Bird:6972,vertnetFILE,
Mexico,11,11,1959,female,WFVZ,,urn:catalog:WFVZ:Bird:6973,vertnetFILE,
Mexico,11,18,1959,female,WFVZ,,urn:catalog:WFVZ:Bird:6974,vertnetFILE,
Mexico,12,6,1950,male,YPM,Porzana carolina,urn:uuid:137b2e4b-adca-40c0-87c6-7a18512d9f97,vertnetFILE,
Mexico,10,12,1892,male,AMNH,Porzana carolina,,vertnetFILE,
Mexico,1,8,1893,male,AMNH,Porzana carolina,,vertnetFILE,
Mexico,4,8,1912,male,LACM,Porzana carolina,80876a20-d558-4ba7-b6ca-de0f3475a96f,vertnetFILE,
Mexico,4,9,1926,male,LACM,Porzana carolina,b695f6e1-bd7f-4c4b-b925-75d11d6c82c3,vertnetFILE,
Mexico,12,5,1910,male,MCZ,Porzana carolina,MCZ:Orn:56924,vertnetFILE,
Mexico,11,29,1910,male,MCZ,Porzana carolina,MCZ:Orn:56925,vertnetFILE,
Mexico,11,23,1910,female,MCZ,Porzana carolina,MCZ:Orn:56926,vertnetFILE,
Mexico,12,10,1910,male,MCZ,Porzana carolina,MCZ:Orn:56931,vertnetFILE,
Mexico,11,29,1910,male,MCZ,Porzana carolina,MCZ:Orn:56932,vertnetFILE,
Mexico,11,24,1910,male,MCZ,Porzana carolina,MCZ:Orn:56933,vertnetFILE,
Mexico,11,24,1910,male,MCZ,Porzana carolina,MCZ:Orn:56934,vertnetFILE,
Mexico,12,5,1910,male,MCZ,Porzana carolina,MCZ:Orn:56935,vertnetFILE,
Mexico,12,1,1910,male,MCZ,Porzana carolina,MCZ:Orn:56936,vertnetFILE,
Mexico,11,27,1910,male,MCZ,Porzana carolina,MCZ:Orn:56939,vertnetFILE,
Mexico,12,1,1910,,MCZ,Porzana carolina,MCZ:Orn:56940,vertnetFILE,
Mexico,12,5,1910,male,MCZ,Porzana carolina,MCZ:Orn:56942,vertnetFILE,
Mexico,12,9,1910,male,MCZ,Porzana carolina,MCZ:Orn:56943,vertnetFILE,
Mexico,10,28,1960,undetermined,MVZ,Porzana carolina,http://arctos.database.museum/guid/MVZ:Bird:142681?seid=218112,vertnetFILE,
Mexico,2,4,1928,male,MVZ,Porzana carolina,http://arctos.database.museum/guid/MVZ:Bird:52082?seid=686148,vertnetFILE,
Mexico,2,28,1928,male,MVZ,Porzana carolina,http://arctos.database.museum/guid/MVZ:Bird:52744?seid=1488143,vertnetFILE,
Mexico,2,29,1928,male,SDNHM,Porzana carolina,urn:catalog:SDNHM:Birds:11842,vertnetFILE,
Mexico,3,1,1925,male,SDNHM,Porzana carolina,urn:catalog:SDNHM:Birds:31218,vertnetFILE,
Mexico,1,27,1929,male,UCLA,Porzana carolina,urn:catalog:UCLA:Birds:27697,vertnetFILE,
Mexico,3,21,1940,male,UMMZ,Porzana carolina,urn:catalog:UMMZ:Birds:108180,vertnetFILE,
Mexico,11,14,1959,male,WFVZ,,urn:catalog:WFVZ:Bird:6970,vertnetFILE,
Mexico,10,3,1962,female,WFVZ,,urn:catalog:WFVZ:Bird:9136,vertnetFILE,
Mexico,12,6,1950,female,YPM,Porzana carolina,urn:uuid:292ad956-d87a-4b7a-8b7f-441ef53d31ce,vertnetFILE,
Mexico,12,6,1950,male,YPM,Porzana carolina,urn:uuid:43fdcd19-3a4a-4edc-8739-9645a19b70de,vertnetFILE,
Mexico,12,6,1950,male,YPM,Porzana carolina,urn:uuid:503bc11f-419c-499f-9bf0-e6b597957709,vertnetFILE,
Mexico,12,5,1950,male,YPM,Porzana carolina,urn:uuid:b41c7861-72cc-40fb-a677-5898a7d6bc73,vertnetFILE,
Mexico,2,NA,1929,male,UMMZ,Porzana carolina,urn:catalog:UMMZ:Birds:123086,vertnetFILE,
Mexico,NA,NA,NA,,PBDB,Porzana Vieillot 1816,pbdb:occ:623935,vertnetFILE,
Mexico,3,22,1888,male,AMNH,Porzana carolina,,vertnetFILE,
Mexico,1,8,1893,male,ANSP,Porzana carolina,ANSP ORN 55291,vertnetFILE,
Mexico,12,20,1965,male,CUMV,Porzana carolina,a954278f-bbfe-11e6-a6af-04012ac90e01,vertnetFILE,
Mexico,8,13,1969,female,CUMV,Porzana carolina,aa7fa3fc-bbfe-11e6-a6af-04012ac90e01,vertnetFILE,
Mexico,1,9,1964,male,KU,Porzana carolina,ea414267-7b47-11e4-8ef3-782bcb9cd5b5,vertnetFILE,
Mexico,9,20,1887,male,MCZ,Porzana carolina,MCZ:Orn:218151,vertnetFILE,
Mexico,9,20,1887,male,MCZ,Porzana carolina,MCZ:Orn:218152,vertnetFILE,
Mexico,10,3,1887,male,MCZ,Porzana carolina,MCZ:Orn:218156,vertnetFILE,
Mexico,10,7,1887,male,MCZ,Porzana carolina,MCZ:Orn:218158,vertnetFILE,
Mexico,9,20,1887,female,MCZ,Porzana carolina,MCZ:Orn:218160,vertnetFILE,
Mexico,9,23,1887,female,MCZ,Porzana carolina,MCZ:Orn:218161,vertnetFILE,
Mexico,9,23,1887,female,MCZ,Porzana carolina,MCZ:Orn:218162,vertnetFILE,
Mexico,9,29,1887,female,MCZ,Porzana carolina,MCZ:Orn:218163,vertnetFILE,
Mexico,11,26,1908,male,MCZ,Porzana carolina,MCZ:Orn:312693,vertnetFILE,
Mexico,8,28,1957,female,MMNH,Porzana carolina,f2010d66-7e08-11e3-81f0-12313d0829ba,vertnetFILE,
Mexico,8,28,1957,female,MMNH,Porzana carolina,f2010f6e-7e08-11e3-81f0-12313d0829ba,vertnetFILE,
Mexico,9,11,1957,female,MMNH,Porzana carolina,f2011770-7e08-11e3-81f0-12313d0829ba,vertnetFILE,
Mexico,4,19,1963,male,MMNH,Porzana carolina,f387d7b4-7e08-11e3-81f0-12313d0829ba,vertnetFILE,
Mexico,10,7,1988,undetermined,UF,Porzana carolina,urn:catalog:UF:Audio:13039,vertnetFILE,
Mexico,4,18,1898,male,USNM,Porzana carolina,http://n2t.net/ark:/65665/306776460-9368-4bfa-a210-e85d4d5f1355,vertnetFILE,
Mexico,9,10,1903,female,USNM,Porzana carolina,http://n2t.net/ark:/65665/30a848669-b5f2-4558-8660-c02d3c5a9c9d,vertnetFILE,
Mexico,2,4,1883,male,USNM,Porzana carolina,http://n2t.net/ark:/65665/32b126b2c-d3d6-4bd5-962d-e43679e5173b,vertnetFILE,
Mexico,2,1,1926,female,USNM,Porzana carolina,http://n2t.net/ark:/65665/344067ed7-a945-44fd-86bb-7b90b4beddd2,vertnetFILE,
Mexico,10,7,1905,male,USNM,Porzana carolina,http://n2t.net/ark:/65665/352e71832-d030-40c9-9793-75eabdca234d,vertnetFILE,
Mexico,2,16,1949,male,USNM,Porzana carolina,http://n2t.net/ark:/65665/36069e3d3-8646-4949-ab2f-02e721495568,vertnetFILE,
Mexico,8,29,1892,male,USNM,Porzana carolina,http://n2t.net/ark:/65665/36bd03882-ce6e-41f6-8323-95aa708c831e,vertnetFILE,
Mexico,2,1,1926,male,USNM,Porzana carolina,http://n2t.net/ark:/65665/3934bfd4a-bc37-457f-9463-e512a200f5cc,vertnetFILE,
Mexico,12,6,1882,male,USNM,Porzana carolina,http://n2t.net/ark:/65665/3a79dab43-65fa-40a9-8bd5-cc19609c03cd,vertnetFILE,
Mexico,8,17,1903,female,USNM,Porzana carolina,http://n2t.net/ark:/65665/3b558cd46-1f13-413f-b294-dcff197295a6,vertnetFILE,
Mexico,4,24,1904,male,USNM,Porzana carolina,http://n2t.net/ark:/65665/3d25f6640-52ab-4319-9b74-bb546addd757,vertnetFILE,
Mexico,4,16,1894,male,USNM,Porzana carolina,http://n2t.net/ark:/65665/3e7aa4abe-dac3-415c-b41d-6ba6f0153fc9,vertnetFILE,
Mexico,2,19,1940,male,USNM,Porzana carolina,http://n2t.net/ark:/65665/3e8b7fa9e-27a6-4085-808d-976c2152d8fc,vertnetFILE,
Mexico,10,23,1963,male,CM,Porzana carolina,urn:catalog:CM:Birds:P141322,vertnetFILE,
Mexico,3,21,1888,female,CM,Porzana carolina,urn:catalog:CM:Birds:P21595,vertnetFILE,
Mexico,10,26,1946,female,KU,Porzana carolina,e63ffe33-7b47-11e4-8ef3-782bcb9cd5b5,vertnetFILE,
Mexico,9,20,1887,male,MCZ,Porzana carolina,MCZ:Orn:218150,vertnetFILE,
Mexico,9,20,1887,male,MCZ,Porzana carolina,MCZ:Orn:218153,vertnetFILE,
Mexico,10,3,1887,male,MCZ,Porzana carolina,MCZ:Orn:218154,vertnetFILE,
Mexico,10,3,1887,male,MCZ,Porzana carolina,MCZ:Orn:218155,vertnetFILE,
Mexico,10,5,1887,male,MCZ,Porzana carolina,MCZ:Orn:218157,vertnetFILE,
Mexico,10,5,1887,female,MCZ,Porzana carolina,MCZ:Orn:218164,vertnetFILE,
Mexico,11,4,1887,female,MCZ,Porzana carolina,MCZ:Orn:218165,vertnetFILE,
Mexico,1,9,1909,female,MCZ,Porzana carolina,MCZ:Orn:312691,vertnetFILE,
Mexico,1,9,1909,female,MCZ,Porzana carolina,MCZ:Orn:312692,vertnetFILE,
Mexico,9,18,1910,male,MCZ,Porzana carolina,MCZ:Orn:56946,vertnetFILE,
Mexico,8,28,1957,female,MMNH,Porzana carolina,f201116c-7e08-11e3-81f0-12313d0829ba,vertnetFILE,
Mexico,4,19,1962,male,MMNH,Porzana carolina,f3846606-7e08-11e3-81f0-12313d0829ba,vertnetFILE,
Mexico,4,19,1963,female,MMNH,Porzana carolina,f387cc24-7e08-11e3-81f0-12313d0829ba,vertnetFILE,
Mexico,5,15,1964,female,MMNH,Porzana carolina,f387d214-7e08-11e3-81f0-12313d0829ba,vertnetFILE,
Mexico,8,20,1888,female,NHMUK,Porzana carolina (Linnaeus),ef31cf96-33a7-47cb-af89-4fb10c41a414,vertnetFILE,
Mexico,8,27,1953,female,SDNHM,Porzana carolina,urn:catalog:SDNHM:Birds:29958,vertnetFILE,
Mexico,4,18,1898,female,USNM,Porzana carolina,http://n2t.net/ark:/65665/388bfa39f-b022-4d65-b68d-d3fd64387e28,vertnetFILE,
Mexico,1,28,1883,undetermined,USNM,Porzana carolina,http://n2t.net/ark:/65665/3b70735df-2783-4cda-bb6f-79ef8addc278,vertnetFILE,
Mexico,2,4,1949,male,YPM,Porzana carolina,urn:uuid:57b7ab2c-63a6-40d3-b00f-fe86e772da82,vertnetFILE,
Mexico,NA,NA,1885,undetermined,NHMUK,Porzana carolina (Linnaeus),82bc8880-84a1-435b-9574-bd8fe0be3f82,vertnetFILE,
Mexico,NA,NA,NA,,AMNH,Porzana carolina,,vertnetFILE,
Mexico,NA,NA,NA,,AMNH,Porzana carolina,,vertnetFILE,
Mexico,NA,NA,NA,,AMNH,Porzana carolina,,vertnetFILE,
Mexico,NA,NA,NA,,LSUMZ,Porzana carolina,urn:catalog:LSUMZ:Birds:13265,vertnetFILE,
Mexico,NA,NA,NA,,LSUMZ,Porzana carolina,urn:catalog:LSUMZ:Birds:16417,vertnetFILE,
Mexico,NA,NA,NA,,LSUMZ,Porzana carolina,urn:catalog:LSUMZ:Birds:16418,vertnetFILE,
Mexico,NA,NA,NA,,LSUMZ,Porzana carolina,urn:catalog:LSUMZ:Birds:33000,vertnetFILE,
Mexico,NA,NA,NA,,LSUMZ,Porzana carolina,urn:catalog:LSUMZ:Birds:39445,vertnetFILE,
Mexico,NA,NA,NA,,LSUMZ,Porzana carolina,urn:catalog:LSUMZ:Birds:39446,vertnetFILE,
Mexico,NA,NA,NA,,LSUMZ,Porzana carolina,urn:catalog:LSUMZ:Birds:61184,vertnetFILE,
Mexico,NA,NA,NA,male,USNM,Porzana carolina,http://n2t.net/ark:/65665/39ebe72a1-07e1-4a76-8ac1-d252e8ca658e,vertnetFILE,
Mexico,NA,NA,NA,,AMNH,Porzana carolina,,vertnetFILE,
Mexico,NA,NA,NA,undetermined,KU,Porzana carolina,e2f3a61e-7b47-11e4-8ef3-782bcb9cd5b5,vertnetFILE,
Mexico,NA,NA,NA,,LSUMZ,Porzana carolina,urn:catalog:LSUMZ:Birds:10830,vertnetFILE,
Mexico,NA,NA,NA,,LSUMZ,Porzana carolina,urn:catalog:LSUMZ:Birds:10831,vertnetFILE,
Mexico,NA,NA,NA,,LSUMZ,Porzana carolina,urn:catalog:LSUMZ:Birds:16419,vertnetFILE,
Mexico,NA,NA,NA,,LSUMZ,Porzana carolina,urn:catalog:LSUMZ:Birds:17994,vertnetFILE,
Mexico,NA,NA,NA,,LSUMZ,Porzana carolina,urn:catalog:LSUMZ:Birds:20068,vertnetFILE,
Mexico,NA,NA,NA,,LSUMZ,Porzana carolina,urn:catalog:LSUMZ:Birds:39442,vertnetFILE,
Mexico,NA,NA,NA,,LSUMZ,Porzana carolina,urn:catalog:LSUMZ:Birds:39443,vertnetFILE,
Mexico,NA,NA,NA,,LSUMZ,Porzana carolina,urn:catalog:LSUMZ:Birds:39444,vertnetFILE,
Mexico,NA,NA,NA,,LSUMZ,Porzana carolina,urn:catalog:LSUMZ:Birds:43514,vertnetFILE,
Mexico,NA,NA,NA,,LSUMZ,Porzana carolina,urn:catalog:LSUMZ:Birds:43515,vertnetFILE,
Mexico,NA,NA,NA,male,MMNH,Porzana carolina,f8441d26-7e08-11e3-81f0-12313d0829ba,vertnetFILE,
Mexico,NA,NA,NA,,RBINS,"Porzana carolina (Linnaeus, 1758)",urn:catalog:RBINS:Aves:489453,vertnetFILE,
Mexico,NA,NA,NA,undetermined,USNM,Porzana carolina,http://n2t.net/ark:/65665/3bb1cf6ae-ee2e-4a37-9a9f-cf8a6cc3f137,vertnetFILE,
Mexico,6,10,2018,NA,CLO,Porzana carolina (Linnaeus,URN:catalog:CLO:EBIRD:OBS631582281,gbifFILE,
Mexico,7,3,1964,NA,MLZ,Porzana carolina (Linnaeus,http://arctos.database.museum/guid/MLZ:Bird:65421?seid=1619375,gbifFILE,
Mexico,7,21,2011,NA,CLO,Porzana carolina (Linnaeus,URN:catalog:CLO:EBIRD:OBS126712126,gbifFILE,
Mexico,7,21,2011,NA,CLO,Porzana carolina (Linnaeus,URN:catalog:CLO:EBIRD:OBS123346247,gbifFILE,
Mexico,6,18,2011,NA,CLO,Porzana carolina (Linnaeus,URN:catalog:CLO:EBIRD_MEX:OBS121470410,gbifFILE,
Mexico,6,10,2018,NA,CLO,Porzana carolina (Linnaeus,URN:catalog:CLO:EBIRD:OBS629991765,gbifFILE,
Mexico,6,2,1958,NA,NO DISPONIBLE,Porzana carolina (Linnaeus,urn:catalog:NO DISPONIBLE:NO DISPONIBLE:NO DISPONIBLE:252902,gbifFILE,
Mexico,6,2,1958,NA,NO DISPONIBLE,Porzana carolina (Linnaeus,urn:catalog:NO DISPONIBLE:NO DISPONIBLE:NO DISPONIBLE:252903,gbifFILE,
Mexico,6,10,2018,NA,CLO,Porzana carolina (Linnaeus,URN:catalog:CLO:EBIRD:OBS629789657,gbifFILE,
Mexico,7,14,2007,NA,CLO,Porzana carolina (Linnaeus,URN:catalog:CLO:EBIRD:OBS677501493,gbifFILE,
Mexico,7,24,2018,NA,CLO,Porzana carolina (Linnaeus,URN:catalog:CLO:EBIRD:OBS642857534,gbifFILE,
Mexico,7,20,2018,NA,CLO,Porzana carolina (Linnaeus,URN:catalog:CLO:EBIRD:OBS641381896,gbifFILE,
Mexico,6,10,2018,NA,CLO,Porzana carolina (Linnaeus,URN:catalog:CLO:EBIRD:OBS629919374,gbifFILE,
Mexico,6,10,2018,NA,FROMEBIRD,Porzana carolina,NA,ebirdFILE,X
Mexico,6,10,2018,NA,FROMEBIRD,Porzana carolina,NA,ebirdFILE,X
Mexico,6,10,2018,NA,FROMEBIRD,Porzana carolina,NA,ebirdFILE,X
Mexico,6,10,2018,NA,FROMEBIRD,Porzana carolina,NA,ebirdFILE,X
Mexico,7,20,2018,NA,FROMEBIRD,Porzana carolina,NA,ebirdFILE,X
Mexico,7,24,2018,NA,FROMEBIRD,Porzana carolina,NA,ebirdFILE,X
Mexico,7,14,2007,NA,FROMEBIRD,Porzana carolina,NA,ebirdFILE,X
Mexico,7,21,2011,NA,FROMEBIRD,Porzana carolina,NA,ebirdFILE,X
Mexico,7,21,2011,NA,FROMEBIRD,Porzana carolina,NA,ebirdFILE,X
Mexico,6,18,2011,NA,FROMEBIRD,Porzana carolina,NA,ebirdFILE,X
Montserrat,NA,NA,NA,,LSUMZ,Porzana carolina,urn:catalog:LSUMZ:Birds:141627,vertnetFILE,
Nicaragua,4,25,1917,,AMNH,Porzana carolina,,vertnetFILE,
Nicaragua,6,27,2014,NA,FROMEBIRD,Porzana carolina,NA,ebirdFILE,
Nicaragua,6,27,2014,NA,FROMEBIRD,Porzana carolina,NA,ebirdFILE,
Norway,6,13,2017,NA,CLO,Porzana carolina (Linnaeus,URN:catalog:CLO:EBIRD:OBS510862071,gbifFILE,
Norway,6,16,2017,NA,CLO,Porzana carolina (Linnaeus,URN:catalog:CLO:EBIRD:OBS515737811,gbifFILE,
Norway,6,16,2017,NA,CLO,Porzana carolina (Linnaeus,URN:catalog:CLO:EBIRD:OBS514700366,gbifFILE,
Panama,NA,NA,NA,NA,Tring,Sora,NA,tringFILE,
Panama,NA,NA,NA,NA,Tring,Sora,NA,tringFILE,
Panama,3,18,1900,male,MCZ,Porzana carolina,MCZ:Orn:107061,vertnetFILE,
Panama,10,25,1926,female,MCZ,Porzana carolina,MCZ:Orn:236609,vertnetFILE,
Panama,11,4,1926,female,MCZ,Porzana carolina,MCZ:Orn:236610,vertnetFILE,
Panama,10,20,1970,female,USNM,Porzana carolina,http://n2t.net/ark:/65665/393dbd211-bf26-4c4c-8ba1-14e4c5ca89ff,vertnetFILE,
Panama,3,4,1958,female,USNM,Porzana carolina,http://n2t.net/ark:/65665/39fcfbfd0-bd3e-4c3c-974d-6054216cc375,vertnetFILE,
Panama,1,14,1956,male,USNM,Porzana carolina,http://n2t.net/ark:/65665/3d00881af-c6e5-45e7-b18c-21dbbd526fd3,vertnetFILE,
Panama,10,1,1911,female,ANSP,Porzana carolina,ANSP ORN 64605,vertnetFILE,
Panama,10,17,1928,female,MCZ,Porzana carolina,MCZ:Orn:141204,vertnetFILE,
Panama,10,29,1927,female,MCZ,Porzana carolina,MCZ:Orn:142051,vertnetFILE,
Panama,3,4,1958,female,USNM,Porzana carolina,http://n2t.net/ark:/65665/375eeae61-9ec0-4631-9986-e03d4f95f530,vertnetFILE,
Panama,NA,NA,1875,undetermined,USNM,Porzana carolina,http://n2t.net/ark:/65665/320c5a85c-9365-475c-bb5b-ebd8ed8580db,vertnetFILE,
Peru,NA,NA,NA,,PBDB,Porzana Vieillot 1816,pbdb:occ:1196747,vertnetFILE,
Peru,1,22,1919,male,AMNH,Porzana carolina,,vertnetFILE,
Peru,1,NA,1958,,ROM,Porzana carolina,URI:catalog:ROM:Palaeobiology-Vertebrate Fossils:17611,vertnetFILE,
Peru,1,NA,1958,,ROM,Porzana carolina,URI:catalog:ROM:Palaeobiology-Vertebrate Fossils:17613,vertnetFILE,
Peru,1,NA,1958,,ROM,Porzana carolina,URI:catalog:ROM:Palaeobiology-Vertebrate Fossils:17612,vertnetFILE,
Philippines,6,4,1985,female,NCSM,Baillon's Crake,5DAE04FC-383D-494E-90AD-FC40857B5855,vertnetFILE,
Philippines,6,4,1985,male,NCSM,Baillon's Crake,8CD18061-7AEE-4AE5-95FF-4D1837C02BDF,vertnetFILE,
Philippines,10,16,1981,male,NCSM,White-browed Crake,B966B6D6-1D75-43B7-9AB2-BB4E76C3AE40,vertnetFILE,
Philippines,5,4,1985,female,NCSM,Ruddy-breasted Crake,CE16B9D3-E387-4978-9DF0-6D6FFD49703B,vertnetFILE,
Philippines,5,4,1985,male,NCSM,Ruddy-breasted Crake,CF500904-FBAA-446D-8868-CB7E616DC67B,vertnetFILE,
Philippines,7,10,1981,female,NCSM,Baillon's Crake,CF74AEC9-C4DA-4010-B4F4-C3253CEAE1AE,vertnetFILE,
Philippines,5,11,1985,female,NCSM,White-browed Crake,D521C862-5AE4-4683-B078-3FD8DF946B7C,vertnetFILE,
Philippines,7,17,1981,male,NCSM,Baillon's Crake,EA14BAE3-C6E2-42AF-B0E3-20BC7AFC729E,vertnetFILE,
Philippines,5,4,1985,female,NCSM,Spotless Crake,2F919A35-2D46-4D74-B72B-D3EF93FFE5E9,vertnetFILE,
Philippines,5,4,1985,female,NCSM,Ruddy-breasted Crake,3626D760-5878-48D7-BC95-DC76E4F1B8B4,vertnetFILE,
Philippines,5,4,1985,male,NCSM,Spotless Crake,375B5611-EEFA-453C-A3ED-C3AECCA1845B,vertnetFILE,
Philippines,5,4,1985,male,NCSM,Baillon's Crake,65660BCD-FA99-43DD-B0B5-E750C85F591E,vertnetFILE,
Philippines,5,4,1985,male,NCSM,Spotless Crake,7E1FB2CA-10AE-4BBB-936C-8246CF7A17B4,vertnetFILE,
Philippines,9,10,1981,female,NCSM,White-browed Crake,9F612AE3-6F73-4668-BD13-3C40EDE516B8,vertnetFILE,
Philippines,5,NA,1984,male,NCSM,White-browed Crake,C41660DF-868F-4155-AC93-A175D2211216,vertnetFILE,
Puerto Rico,1,4,1936,male,USNM,Porzana carolina,http://n2t.net/ark:/65665/357523e3c-0b25-424a-b28c-57930b799851,vertnetFILE,
Puerto Rico,12,25,1935,male,USNM,Porzana carolina,http://n2t.net/ark:/65665/30419918f-28de-4834-80d4-16c6a6946939,vertnetFILE,
Puerto Rico,1,25,1936,male,USNM,Porzana carolina,http://n2t.net/ark:/65665/333a6c71d-1d85-4f03-89c9-fe4ce337b240,vertnetFILE,
Puerto Rico,2,28,1927,female,USNM,Porzana carolina,http://n2t.net/ark:/65665/336c73550-470c-4844-afad-b0eaa88d8d39,vertnetFILE,
Puerto Rico,1,11,1936,female,USNM,Porzana carolina,http://n2t.net/ark:/65665/35cfde499-6141-4896-bdca-61138f9d66e3,vertnetFILE,
Puerto Rico,NA,NA,NA,female,USNM,Porzana carolina,http://n2t.net/ark:/65665/3ac20b40b-7471-4579-9650-70a73fbdf977,vertnetFILE,
Puerto Rico,NA,NA,NA,undetermined,USNM,Porzana carolina,http://n2t.net/ark:/65665/366c240c8-8ace-4c83-8355-577e8d55cd71,vertnetFILE,
Puerto Rico,6,15,2010,NA,CLO,Porzana carolina (Linnaeus,URN:catalog:CLO:EBIRD:OBS94562125,gbifFILE,
Puerto Rico,6,15,2010,NA,CLO,Porzana carolina (Linnaeus,URN:catalog:CLO:EBIRD:OBS94552866,gbifFILE,
Puerto Rico,6,1,2013,NA,CLO,Porzana carolina (Linnaeus,URN:catalog:CLO:EBIRD_PR:OBS199767078,gbifFILE,
Puerto Rico,6,15,2010,NA,FROMEBIRD,Porzana carolina,NA,ebirdFILE,X
Puerto Rico,6,15,2010,NA,FROMEBIRD,Porzana carolina,NA,ebirdFILE,X
Puerto Rico,6,1,2013,NA,FROMEBIRD,Porzana carolina,NA,ebirdFILE,X
Saint Kitts and Nevis,NA,NA,NA,,NHMUK,Porzana carolina,257b573f-5c8a-4338-82ce-bb2fde400d43,vertnetFILE,
Saint Lucia,NA,NA,NA,,MCZ,Porzana carolina,MCZ:Orn:29487,vertnetFILE,
Saint Vincent and the Grenadines,1,31,1890,,NHMUK,Porzana carolina,0c74fe7f-da44-498a-993a-5ab7d3a2961f,vertnetFILE,
Saint Vincent and the Grenadines,10,12,1889,,NHMUK,Porzana carolina,118562b1-7617-4818-b8f9-c02d7713fa61,vertnetFILE,
Saint Vincent and the Grenadines,10,8,1889,,NHMUK,Porzana carolina,42edcae1-6971-42b5-a0bf-f49d7705b3d4,vertnetFILE,
Saint Vincent and the Grenadines,10,15,1889,female,NHMUK,Porzana carolina,bf396ac4-7e09-4666-9f16-23b269b10afc,vertnetFILE,
Saint Vincent and the Grenadines,12,10,1903,female,MCZ,Porzana carolina,MCZ:Orn:112898,vertnetFILE,
Saint Vincent and the Grenadines,10,8,1889,,NHMUK,Porzana carolina,3c5e06ae-59d9-4063-ab44-90c833c9f09e,vertnetFILE,
Saint Vincent and the Grenadines,10,9,1889,,NHMUK,Porzana carolina,7ceb2e9c-bca2-47a0-b362-cea0c65ea710,vertnetFILE,
Saint Vincent and the Grenadines,NA,NA,NA,,NHMUK,Porzana carolina,625b86db-77b5-4894-b762-aaac504f3df6,vertnetFILE,
Swan Islands,3,25,1887,male,USNM,Porzana carolina,http://n2t.net/ark:/65665/3ec45e3ca-b4b7-495f-bb75-67fd3c9473c5,vertnetFILE,
Sweden,6,14,1966,,CLO,Porzana carolina,4a574677-dfb5-40a2-9dd7-e935866a6c93,vertnetFILE,
Sweden,6,18,1987,NA,ArtDatabanken,Porzana carolina (Linnaeus,urn:lsid:artportalen.se:Sighting:51687032,gbifFILE,
Sweden,6,1,1987,NA,ArtDatabanken,Porzana carolina (Linnaeus,urn:lsid:artportalen.se:Sighting:17839315,gbifFILE,
Sweden,6,19,1987,NA,ArtDatabanken,Porzana carolina (Linnaeus,urn:lsid:artportalen.se:Sighting:19002036,gbifFILE,
Sweden,7,7,1987,NA,ArtDatabanken,Porzana carolina (Linnaeus,urn:lsid:artportalen.se:Sighting:20211290,gbifFILE,
Sweden,6,5,1987,NA,ArtDatabanken,Porzana carolina (Linnaeus,urn:lsid:artportalen.se:Sighting:57143830,gbifFILE,
Sweden,6,9,1987,NA,ArtDatabanken,Porzana carolina (Linnaeus,urn:lsid:artportalen.se:Sighting:27535835,gbifFILE,
Sweden,6,5,1987,NA,ArtDatabanken,Porzana carolina (Linnaeus,urn:lsid:artportalen.se:Sighting:28287830,gbifFILE,
Sweden,7,7,1987,NA,ArtDatabanken,Porzana carolina (Linnaeus,urn:lsid:artportalen.se:Sighting:33008321,gbifFILE,
Sweden,6,15,1987,NA,ArtDatabanken,Porzana carolina (Linnaeus,urn:lsid:artportalen.se:Sighting:35195016,gbifFILE,
Sweden,6,3,1987,NA,ArtDatabanken,Porzana carolina (Linnaeus,urn:lsid:artportalen.se:Sighting:25735428,gbifFILE,
Sweden,6,2,1987,NA,ArtDatabanken,Porzana carolina (Linnaeus,urn:lsid:artportalen.se:Sighting:25886924,gbifFILE,
Sweden,6,11,1987,NA,ArtDatabanken,Porzana carolina (Linnaeus,urn:lsid:artportalen.se:Sighting:26572743,gbifFILE,
Sweden,6,7,1987,NA,ArtDatabanken,Porzana carolina (Linnaeus,urn:lsid:artportalen.se:Sighting:26523353,gbifFILE,
Sweden,7,8,1987,NA,ArtDatabanken,Porzana carolina (Linnaeus,urn:lsid:artportalen.se:Sighting:26944451,gbifFILE,
Sweden,6,1,1987,NA,ArtDatabanken,Porzana carolina (Linnaeus,urn:lsid:artportalen.se:Sighting:40801133,gbifFILE,
Sweden,6,1,1987,NA,ArtDatabanken,Porzana carolina (Linnaeus,urn:lsid:artportalen.se:Sighting:41168815,gbifFILE,
Sweden,7,7,1987,NA,ArtDatabanken,Porzana carolina (Linnaeus,urn:lsid:artportalen.se:Sighting:41130076,gbifFILE,
Sweden,6,1,1987,NA,ArtDatabanken,Porzana carolina (Linnaeus,urn:lsid:artportalen.se:Sighting:23276398,gbifFILE,
Sweden,6,10,1987,NA,ArtDatabanken,Porzana carolina (Linnaeus,urn:lsid:artportalen.se:Sighting:23637909,gbifFILE,
Sweden,6,1,1987,NA,ArtDatabanken,Porzana carolina (Linnaeus,urn:lsid:artportalen.se:Sighting:23741155,gbifFILE,
Sweden,6,6,1987,NA,ArtDatabanken,Porzana carolina (Linnaeus,urn:lsid:artportalen.se:Sighting:24642778,gbifFILE,
Sweden,6,3,1987,NA,ArtDatabanken,Porzana carolina (Linnaeus,urn:lsid:artportalen.se:Sighting:21359577,gbifFILE,
Sweden,6,18,1987,NA,ArtDatabanken,Porzana carolina (Linnaeus,urn:lsid:artportalen.se:Sighting:21203771,gbifFILE,
Sweden,6,1,1987,NA,ArtDatabanken,Porzana carolina (Linnaeus,urn:lsid:artportalen.se:Sighting:21599554,gbifFILE,
Sweden,6,10,1987,NA,ArtDatabanken,Porzana carolina (Linnaeus,urn:lsid:artportalen.se:Sighting:21989066,gbifFILE,
Sweden,6,1,1987,NA,ArtDatabanken,Porzana carolina (Linnaeus,urn:lsid:artportalen.se:Sighting:22455801,gbifFILE,
Sweden,6,2,1987,NA,ArtDatabanken,Porzana carolina (Linnaeus,urn:lsid:artportalen.se:Sighting:22577304,gbifFILE,
Sweden,6,3,1987,NA,ArtDatabanken,Porzana carolina (Linnaeus,urn:lsid:artportalen.se:Sighting:22592236,gbifFILE,
Sweden,6,12,1987,NA,ArtDatabanken,Porzana carolina (Linnaeus,urn:lsid:artportalen.se:Sighting:43104077,gbifFILE,
Sweden,6,2,1987,NA,ArtDatabanken,Porzana carolina (Linnaeus,urn:lsid:artportalen.se:Sighting:44190950,gbifFILE,
Sweden,6,17,1987,NA,ArtDatabanken,Porzana carolina (Linnaeus,urn:lsid:artportalen.se:Sighting:29577686,gbifFILE,
Sweden,6,4,1987,NA,ArtDatabanken,Porzana carolina (Linnaeus,urn:lsid:artportalen.se:Sighting:30303203,gbifFILE,
Sweden,6,8,1987,NA,ArtDatabanken,Porzana carolina (Linnaeus,urn:lsid:artportalen.se:Sighting:30926400,gbifFILE,
Sweden,6,6,1987,NA,ArtDatabanken,Porzana carolina (Linnaeus,urn:lsid:artportalen.se:Sighting:31230921,gbifFILE,
Sweden,6,25,1987,NA,ArtDatabanken,Porzana carolina (Linnaeus,urn:lsid:artportalen.se:Sighting:75417001,gbifFILE,
Sweden,6,5,1987,NA,ArtDatabanken,Porzana carolina (Linnaeus,urn:lsid:artportalen.se:Sighting:49210834,gbifFILE,
Sweden,7,8,1987,NA,ArtDatabanken,Porzana carolina (Linnaeus,urn:lsid:artportalen.se:Sighting:47771423,gbifFILE,
Sweden,6,5,1987,NA,ArtDatabanken,Porzana carolina (Linnaeus,urn:lsid:artportalen.se:Sighting:63540110,gbifFILE,
Sweden,6,17,1987,NA,ArtDatabanken,Porzana carolina (Linnaeus,urn:lsid:artportalen.se:Sighting:78030412,gbifFILE,
Sweden,6,4,1987,NA,ArtDatabanken,Porzana carolina (Linnaeus,urn:lsid:artportalen.se:Sighting:69016255,gbifFILE,
Sweden,6,14,1966,NA,CLO,Porzana carolina (Linnaeus,4a574677-dfb5-40a2-9dd7-e935866a6c93,gbifFILE,
Sweden,6,5,1987,NA,ArtDatabanken,Porzana carolina (Linnaeus,urn:lsid:artportalen.se:Sighting:45073848,gbifFILE,
Sweden,7,7,1987,NA,ArtDatabanken,Porzana carolina (Linnaeus,urn:lsid:artportalen.se:Sighting:48582254,gbifFILE,
Sweden,6,5,1987,NA,ArtDatabanken,Porzana carolina (Linnaeus,urn:lsid:artportalen.se:Sighting:48703591,gbifFILE,
Sweden,6,6,1966,NA,ArtDatabanken,Porzana carolina (Linnaeus,urn:lsid:artportalen.se:Sighting:48949529,gbifFILE,
Sweden,6,3,1987,NA,ArtDatabanken,Porzana carolina (Linnaeus,urn:lsid:artportalen.se:Sighting:61913806,gbifFILE,
Timpas Mexico,2,16,1905,NA,Tring,Sora,NA,tringFILE,
Trinidad,NA,NA,NA,NA,Tring,Sora,NA,tringFILE,
Trinidad and Tobago,12,16,1950,male,YPM,Porzana carolina,urn:uuid:b6f87217-98ea-4780-aa11-bfc5813d528b,vertnetFILE,
Trinidad and Tobago,12,20,1950,female,YPM,Porzana carolina,urn:uuid:6a674b0b-3977-49ad-b0a0-ba0342f7c609,vertnetFILE,
Trinidad and Tobago,12,20,1950,male,YPM,Porzana carolina,urn:uuid:ddffa50d-f5ac-4d95-ba07-41d6bc5cc75d,vertnetFILE,
Trinidad and Tobago,12,16,1950,male,YPM,Porzana carolina,urn:uuid:e13fbe10-4657-4773-ab3a-1ec6f0ba19df,vertnetFILE,
Turks and Caicos Islands,11,30,1998,,UF,Porzana carolina,50F08E73-0B92-472C-9303-9D10A81BCE50,vertnetFILE,
Turks and Caicos Islands,11,30,1998,,UF,Porzana carolina,6602E47A-39BD-48D5-AA19-40807141830D,vertnetFILE,
Turks and Caicos Islands,11,30,1998,,UF,Porzana carolina,1935DE2C-4CAC-470C-AB22-0512B67A96CE,vertnetFILE,
Turks and Caicos Islands,11,30,1998,,UF,Porzana carolina,395F58D5-F68D-462B-936E-C8881E081AAA,vertnetFILE,
Turks and Caicos Islands,11,30,1998,,UF,Porzana carolina,D2F2A6A7-C4EE-4757-A1CA-883597741083,vertnetFILE,
Turks and Caicos Islands,11,30,1998,,UF,Porzana carolina,EDF97F9B-387D-4CF4-B6B6-554CA3B15FE5,vertnetFILE,
Turks and Caicos Islands,NA,NA,NA,,LSUMZ,Porzana carolina,urn:catalog:LSUMZ:Birds:71486,vertnetFILE,
Turks and Caicos Islands,NA,NA,NA,,LSUMZ,Porzana carolina,urn:catalog:LSUMZ:Birds:75512,vertnetFILE,
Turks and Caicos Islands,NA,NA,NA,,LSUMZ,Porzana carolina,urn:catalog:LSUMZ:Birds:141626,vertnetFILE,
Valley of Mexico,NA,NA,NA,NA,Tring,Sora,NA,tringFILE,
Venezuela,11,7,1908,NA,Tring,Sora,NA,tringFILE,
Venezuela,10,20,1909,NA,Tring,Sora,NA,tringFILE,
Venezuela,10,28,1909,NA,Tring,Sora,NA,tringFILE,
Venezuela,11,11,1911,NA,Tring,Sora,NA,tringFILE,
Venezuela,9,18,1905,NA,Tring,Sora,NA,tringFILE,
Venezuela,10,20,1902,NA,Tring,Sora,NA,tringFILE,
Venezuela,10,20,1902,NA,Tring,Sora,NA,tringFILE,
Venezuela,10,20,1911,NA,Tring,Sora,NA,tringFILE,
Venezuela,10,27,1907,NA,Tring,Sora,NA,tringFILE,
Venezuela,10,13,1910,NA,Tring,Sora,NA,tringFILE,
Venezuela,10,20,1907,NA,Tring,Sora,NA,tringFILE,
Venezuela,12,20,1910,NA,Tring,Sora,NA,tringFILE,
Venezuela,11,11,1907,NA,Tring,Sora,NA,tringFILE,
Venezuela,10,13,1908,NA,Tring,Sora,NA,tringFILE,
Venezuela,10,28,1909,NA,Tring,Sora,NA,tringFILE,
Venezuela,10,20,1911,male,ROM,Porzana carolina,URI:catalog:ROM:Birds:18680,vertnetFILE,
Venezuela,10,20,1911,male,ROM,Porzana carolina,URI:catalog:ROM:Birds:33.9.1.152,vertnetFILE,
Venezuela,11,14,1902,,YPM,Porzana carolina,urn:uuid:75dc0f31-c075-48f5-8ed5-6e72f8f22797,vertnetFILE,
Venezuela,NA,NA,1904,female,YPM,Porzana carolina,urn:uuid:7ebdcafb-30aa-41e9-b9dc-a578806ae9e4,vertnetFILE,
Venezuela,10,30,1902,male,AMNH,Porzana carolina,,vertnetFILE,
Venezuela,11,21,1902,male,AMNH,Porzana carolina,,vertnetFILE,
Venezuela,12,4,1902,male,AMNH,Porzana carolina,,vertnetFILE,
Venezuela,11,3,1902,female,AMNH,Porzana carolina,,vertnetFILE,
Venezuela,11,14,1902,female,AMNH,Porzana carolina,,vertnetFILE,
Venezuela,11,9,1902,female,AMNH,Porzana carolina,,vertnetFILE,
Venezuela,10,30,1902,female,AMNH,Porzana carolina,,vertnetFILE,
Venezuela,10,14,1904,male,AMNH,Porzana carolina,,vertnetFILE,
Venezuela,10,24,1903,male,AMNH,Porzana carolina,,vertnetFILE,
Venezuela,10,29,1903,female,AMNH,Porzana carolina,,vertnetFILE,
Venezuela,11,18,1896,,AMNH,Porzana carolina,,vertnetFILE,
Venezuela,9,30,1955,female,ANSP,Porzana carolina,ANSP ORN 168346,vertnetFILE,
Venezuela,11,1,1959,female,ANSP,Porzana carolina,ANSP ORN 168347,vertnetFILE,
Venezuela,10,28,1903,male,ANSP,Porzana carolina,ANSP ORN 74223,vertnetFILE,
Venezuela,11,14,1902,male,AMNH,Porzana carolina,,vertnetFILE,
Venezuela,11,14,1902,male,AMNH,Porzana carolina,,vertnetFILE,
Venezuela,11,4,1902,female,AMNH,Porzana carolina,,vertnetFILE,
Venezuela,10,29,1903,male,AMNH,Porzana carolina,,vertnetFILE,
Venezuela,10,19,1903,female,AMNH,Porzana carolina,,vertnetFILE,
Venezuela,10,26,1903,female,AMNH,Porzana carolina,,vertnetFILE,
Venezuela,10,29,1903,female,AMNH,Porzana carolina,,vertnetFILE,
Venezuela,11,24,1903,female,AMNH,Porzana carolina,,vertnetFILE,
Venezuela,11,12,1896,female,AMNH,Porzana carolina,,vertnetFILE,
Venezuela,10,20,1898,,AMNH,Porzana carolina,,vertnetFILE,
Venezuela,11,NA,1868,female,UMZC,Porzana carolina,urn:catalog:UMZC:Vertebrates:15/Ral/44/c/19,vertnetFILE,
Venezuela,NA,NA,1873,,AMNH,Porzana carolina,,vertnetFILE,
Venezuela,NA,NA,NA,,AMNH,Porzana carolina,,vertnetFILE,
Venezuela,NA,NA,NA,,AMNH,Porzana carolina,,vertnetFILE,
Venezuela,NA,NA,NA,,AMNH,Porzana carolina,,vertnetFILE,
Venezuela,NA,NA,NA,,AMNH,Porzana carolina,,vertnetFILE,
Virgin Islands,7,10,2007,NA,CLO,Porzana carolina (Linnaeus,URN:catalog:CLO:EBIRD:OBS424657726,gbifFILE,
Virgin Islands,7,10,2007,NA,FROMEBIRD,Porzana carolina,NA,ebirdFILE,X
Volcano of Chirigua,NA,NA,1870,NA,Tring,Sora,NA,tringFILE,
