"gbifID","datasetKey","occurrenceID","kingdom","phylum","class","order","family","genus","species","infraspecificEpithet","taxonRank","scientificName","countryCode","locality","publishingOrgKey","decimalLatitude","decimalLongitude","coordinateUncertaintyInMeters","coordinatePrecision","elevation","elevationAccuracy","depth","depthAccuracy","eventDate","day","month","year","taxonKey","speciesKey","basisOfRecord","institutionCode","collectionCode","catalogNumber","recordNumber","identifiedBy","dateIdentified","license","rightsHolder","recordedBy","typeStatus","establishmentMeans","lastInterpreted","mediaType","issue"
"1491989771","38b4c89f-584c-41bb-bd8f-cd1def33e92f","urn:lsid:artportalen.se:Sighting:51687032","Animalia","Chordata","Aves","Gruiformes","Rallidae","Porzana","Porzana carolina",NA,"SPECIES","Porzana carolina (Linnaeus","SE","Jäverön","b8323864-602a-4a7d-9127-bb903054e97d",59.372199,13.642247,2500,NA,NA,NA,NA,NA,"1987-06-18T00:00:00Z",18,6,1987,2474639,2474639,"HUMAN_OBSERVATION","ArtDatabanken","Artportalen","88299542","","","","CC0_1_0","Michael Averland","Michael Averland",NA,"","2019-01-11T23:11:38.803Z","","COORDINATE_ROUNDED;GEODETIC_DATUM_ASSUMED_WGS84"
"1461354071","38b4c89f-584c-41bb-bd8f-cd1def33e92f","urn:lsid:artportalen.se:Sighting:17839315","Animalia","Chordata","Aves","Gruiformes","Rallidae","Porzana","Porzana carolina",NA,"SPECIES","Porzana carolina (Linnaeus","SE","Björknästorpsområdet","b8323864-602a-4a7d-9127-bb903054e97d",59.400571,13.661237,500,NA,NA,NA,NA,NA,"1987-06-01T00:00:00Z",1,6,1987,2474639,2474639,"HUMAN_OBSERVATION","ArtDatabanken","Artportalen","51768090","","","","CC0_1_0","Per Gustafsson","Per Gustafsson",NA,"","","",""
"1461372094","38b4c89f-584c-41bb-bd8f-cd1def33e92f","urn:lsid:artportalen.se:Sighting:19002036","Animalia","Chordata","Aves","Gruiformes","Rallidae","Porzana","Porzana carolina",NA,"SPECIES","Porzana carolina (Linnaeus","SE","Skattkärrsområdet","b8323864-602a-4a7d-9127-bb903054e97d",59.413089,13.671451,3000,NA,NA,NA,NA,NA,"1987-06-19T00:00:00Z",19,6,1987,2474639,2474639,"HUMAN_OBSERVATION","ArtDatabanken","Artportalen","51788132","","","","CC0_1_0","Joakim Ekman","Joakim Ekman",NA,"","","",""
"1461386096","38b4c89f-584c-41bb-bd8f-cd1def33e92f","urn:lsid:artportalen.se:Sighting:20211290","Animalia","Chordata","Aves","Gruiformes","Rallidae","Porzana","Porzana carolina",NA,"SPECIES","Porzana carolina (Linnaeus","SE","Kråkberg","b8323864-602a-4a7d-9127-bb903054e97d",61.031571,14.534607,1888,NA,NA,NA,NA,NA,"1987-07-07T00:00:00Z",7,7,1987,2474639,2474639,"HUMAN_OBSERVATION","ArtDatabanken","Artportalen","51804082","","","","CC0_1_0","Torvald Tranetoft","Torvald Tranetoft",NA,"","","",""
"1428967228","38b4c89f-584c-41bb-bd8f-cd1def33e92f","urn:lsid:artportalen.se:Sighting:57143830","Animalia","Chordata","Aves","Gruiformes","Rallidae","Porzana","Porzana carolina",NA,"SPECIES","Porzana carolina (Linnaeus","SE","Skattkärrsviken","b8323864-602a-4a7d-9127-bb903054e97d",59.408033,13.692032,750,NA,NA,NA,NA,NA,"1987-06-05T00:00:00Z",5,6,1987,2474639,2474639,"HUMAN_OBSERVATION","ArtDatabanken","Artportalen","96352567","","","","CC0_1_0","Magnus Swenson","Magnus Swenson",NA,"","2019-01-19T04:06:16.140Z","","COORDINATE_ROUNDED;GEODETIC_DATUM_ASSUMED_WGS84"
"2179202531","4fa7b334-ce0d-4e88-aaae-2e0c138d049e","URN:catalog:CLO:EBIRD:OBS631582281","Animalia","Chordata","Aves","Gruiformes","Rallidae","Porzana","Porzana carolina",NA,"SPECIES","Porzana carolina (Linnaeus","MX","Ciénega Redonda","e2e717bf-551a-4917-bdc9-4fa0f342c530",32.531871,-116.317234,NA,NA,NA,NA,NA,NA,"2018-06-10T00:00:00Z",10,6,2018,2474639,2474639,"HUMAN_OBSERVATION","CLO","EBIRD","OBS631582281","","","","CC0_1_0","","obsr131498",NA,"","2019-03-31T11:58:32.299Z","","COORDINATE_ROUNDED"
"1317174739","c8681cc2-9d0a-4c5f-b620-5c753abfe2bc","http://n2t.net/ark:/65665/3f4fc2ab9-ccd1-43d8-9fa2-bb72f8908c5b","Animalia","Chordata","Aves","Gruiformes","Rallidae","Porzana","Porzana carolina",NA,"SPECIES","Porzana carolina (Linnaeus","BM","","bc092ff0-02e4-11dc-991f-b8a03c50a862",NA,NA,NA,NA,NA,NA,NA,NA,"1979-07-01T00:00:00Z",NA,7,1979,2474639,2474639,"FOSSIL_SPECIMEN","USNM","Paleobiology","PAL326073","","Olson","","CC0_1_0","","D. Wingate",NA,"","2018-12-08T09:44:21.019Z","",""
"1470487296","38b4c89f-584c-41bb-bd8f-cd1def33e92f","urn:lsid:artportalen.se:Sighting:27535835","Animalia","Chordata","Aves","Gruiformes","Rallidae","Porzana","Porzana carolina",NA,"SPECIES","Porzana carolina (Linnaeus","SE","Skattkärrsområdet","b8323864-602a-4a7d-9127-bb903054e97d",59.413089,13.671451,3000,NA,NA,NA,NA,NA,"1987-06-09T22:57:00Z",9,6,1987,2474639,2474639,"HUMAN_OBSERVATION","ArtDatabanken","Artportalen","63045530","","","","CC0_1_0","Ulf Gärdenfors","Ulf Gärdenfors",NA,"","2018-12-07T22:52:01.675Z","","COORDINATE_ROUNDED;GEODETIC_DATUM_ASSUMED_WGS84"
"1470893505","38b4c89f-584c-41bb-bd8f-cd1def33e92f","urn:lsid:artportalen.se:Sighting:28287830","Animalia","Chordata","Aves","Gruiformes","Rallidae","Porzana","Porzana carolina",NA,"SPECIES","Porzana carolina (Linnaeus","SE","Skattkärrsviken","b8323864-602a-4a7d-9127-bb903054e97d",59.408033,13.692032,750,NA,NA,NA,NA,NA,"1987-06-05T00:00:00Z",5,6,1987,2474639,2474639,"HUMAN_OBSERVATION","ArtDatabanken","Artportalen","63578443","","","","CC0_1_0","Leif Sandgren","Leif Sandgren",NA,"","2018-12-07T22:55:51.244Z","","COORDINATE_ROUNDED;GEODETIC_DATUM_ASSUMED_WGS84"
"1475360207","38b4c89f-584c-41bb-bd8f-cd1def33e92f","urn:lsid:artportalen.se:Sighting:33008321","Animalia","Chordata","Aves","Gruiformes","Rallidae","Porzana","Porzana carolina",NA,"SPECIES","Porzana carolina (Linnaeus","SE","Kråkberg","b8323864-602a-4a7d-9127-bb903054e97d",61.031571,14.534607,1888,NA,NA,NA,NA,NA,"1987-07-07T00:00:00Z",7,7,1987,2474639,2474639,"HUMAN_OBSERVATION","ArtDatabanken","Artportalen","69067305","","","","CC0_1_0","Sten-Erik Bohlin","Sten-Erik Bohlin",NA,"","2018-12-07T05:18:18.032Z","","COORDINATE_ROUNDED;GEODETIC_DATUM_ASSUMED_WGS84"
"1476959555","38b4c89f-584c-41bb-bd8f-cd1def33e92f","urn:lsid:artportalen.se:Sighting:35195016","Animalia","Chordata","Aves","Gruiformes","Rallidae","Porzana","Porzana carolina",NA,"SPECIES","Porzana carolina (Linnaeus","SE","Björknästorpsområdet","b8323864-602a-4a7d-9127-bb903054e97d",59.400571,13.661237,500,NA,NA,NA,NA,NA,"1987-06-15T00:00:00Z",15,6,1987,2474639,2474639,"HUMAN_OBSERVATION","ArtDatabanken","Artportalen","70879283","","","","CC0_1_0","Jan Rosqvist","Jan Rosqvist",NA,"","2018-12-06T23:24:58.551Z","","COORDINATE_ROUNDED;GEODETIC_DATUM_ASSUMED_WGS84"
"1468491175","38b4c89f-584c-41bb-bd8f-cd1def33e92f","urn:lsid:artportalen.se:Sighting:25735428","Animalia","Chordata","Aves","Gruiformes","Rallidae","Porzana","Porzana carolina",NA,"SPECIES","Porzana carolina (Linnaeus","SE","Skattkärrsområdet","b8323864-602a-4a7d-9127-bb903054e97d",59.413089,13.671451,3000,NA,NA,NA,NA,NA,"1987-06-03T00:00:00Z",3,6,1987,2474639,2474639,"HUMAN_OBSERVATION","ArtDatabanken","Artportalen","60659353","","","","CC0_1_0","Erik F Nordberg","Erik F Nordberg",NA,"","2018-12-07T03:34:00.718Z","","COORDINATE_ROUNDED;GEODETIC_DATUM_ASSUMED_WGS84"
"1468498627","38b4c89f-584c-41bb-bd8f-cd1def33e92f","urn:lsid:artportalen.se:Sighting:25886924","Animalia","Chordata","Aves","Gruiformes","Rallidae","Porzana","Porzana carolina",NA,"SPECIES","Porzana carolina (Linnaeus","SE","Skattkärrsviken","b8323864-602a-4a7d-9127-bb903054e97d",59.408033,13.692032,750,NA,NA,NA,NA,NA,"1987-06-02T00:00:00Z",2,6,1987,2474639,2474639,"HUMAN_OBSERVATION","ArtDatabanken","Artportalen","60667841","","","","CC0_1_0","Håkan Persson","Håkan Persson",NA,"","","",""
"1469235155","38b4c89f-584c-41bb-bd8f-cd1def33e92f","urn:lsid:artportalen.se:Sighting:26572743","Animalia","Chordata","Aves","Gruiformes","Rallidae","Porzana","Porzana carolina",NA,"SPECIES","Porzana carolina (Linnaeus","SE","Tornet","b8323864-602a-4a7d-9127-bb903054e97d",59.400608,13.660618,25,NA,NA,NA,NA,NA,"1987-06-11T00:00:00Z",11,6,1987,2474639,2474639,"HUMAN_OBSERVATION","ArtDatabanken","Artportalen","61524567","","","","CC0_1_0","Hans Waern","Hans Waern",NA,"","2018-12-07T21:10:07.658Z","","COORDINATE_ROUNDED;GEODETIC_DATUM_ASSUMED_WGS84"
"1469568413","38b4c89f-584c-41bb-bd8f-cd1def33e92f","urn:lsid:artportalen.se:Sighting:26523353","Animalia","Chordata","Aves","Gruiformes","Rallidae","Porzana","Porzana carolina",NA,"SPECIES","Porzana carolina (Linnaeus","SE","Skattkärrsområdet","b8323864-602a-4a7d-9127-bb903054e97d",59.413089,13.671451,3000,NA,NA,NA,NA,NA,"1987-06-07T00:00:00Z",7,6,1987,2474639,2474639,"HUMAN_OBSERVATION","ArtDatabanken","Artportalen","61909421","","","","CC0_1_0","Bo Hellberg","Bo Hellberg",NA,"","","",""
"1469608358","38b4c89f-584c-41bb-bd8f-cd1def33e92f","urn:lsid:artportalen.se:Sighting:26944451","Animalia","Chordata","Aves","Gruiformes","Rallidae","Porzana","Porzana carolina",NA,"SPECIES","Porzana carolina (Linnaeus","SE","Kråkberg","b8323864-602a-4a7d-9127-bb903054e97d",61.031571,14.534607,1888,NA,NA,NA,NA,NA,"1987-07-08T00:00:00Z",8,7,1987,2474639,2474639,"HUMAN_OBSERVATION","ArtDatabanken","Artportalen","61972812","","","","CC0_1_0","Börje Dahlén","Börje Dahlén",NA,"","2018-12-07T15:25:36.842Z","","COORDINATE_ROUNDED;GEODETIC_DATUM_ASSUMED_WGS84"
"1482433304","38b4c89f-584c-41bb-bd8f-cd1def33e92f","urn:lsid:artportalen.se:Sighting:40801133","Animalia","Chordata","Aves","Gruiformes","Rallidae","Porzana","Porzana carolina",NA,"SPECIES","Porzana carolina (Linnaeus","SE","Skattkärrsområdet","b8323864-602a-4a7d-9127-bb903054e97d",59.413089,13.671451,3000,NA,NA,NA,NA,NA,"1987-06-01T00:00:00Z",1,6,1987,2474639,2474639,"HUMAN_OBSERVATION","ArtDatabanken","Artportalen","76987849","","","","CC0_1_0","Douglas Gustafsson","Douglas Gustafsson",NA,"","2018-12-21T10:40:02.340Z","","COORDINATE_ROUNDED;GEODETIC_DATUM_ASSUMED_WGS84"
"1482661391","38b4c89f-584c-41bb-bd8f-cd1def33e92f","urn:lsid:artportalen.se:Sighting:41168815","Animalia","Chordata","Aves","Gruiformes","Rallidae","Porzana","Porzana carolina",NA,"SPECIES","Porzana carolina (Linnaeus","SE","Skattkärrsviken","b8323864-602a-4a7d-9127-bb903054e97d",59.408033,13.692032,750,NA,NA,NA,NA,NA,"1987-06-01T00:00:00Z",1,6,1987,2474639,2474639,"HUMAN_OBSERVATION","ArtDatabanken","Artportalen","77242617","","","","CC0_1_0","Lars Imby","Lars Imby",NA,"","","",""
"1482723916","38b4c89f-584c-41bb-bd8f-cd1def33e92f","urn:lsid:artportalen.se:Sighting:41130076","Animalia","Chordata","Aves","Gruiformes","Rallidae","Porzana","Porzana carolina",NA,"SPECIES","Porzana carolina (Linnaeus","SE","Kråkberg","b8323864-602a-4a7d-9127-bb903054e97d",61.031571,14.534607,1888,NA,NA,NA,NA,NA,"1987-07-07T00:00:00Z",7,7,1987,2474639,2474639,"HUMAN_OBSERVATION","ArtDatabanken","Artportalen","77311699","","","","CC0_1_0","Lars-Göran Hansson","Lars-Göran Hansson",NA,"","2018-12-21T10:49:05.485Z","","COORDINATE_ROUNDED;GEODETIC_DATUM_ASSUMED_WGS84"
"1466420088","38b4c89f-584c-41bb-bd8f-cd1def33e92f","urn:lsid:artportalen.se:Sighting:23276398","Animalia","Chordata","Aves","Gruiformes","Rallidae","Porzana","Porzana carolina",NA,"SPECIES","Porzana carolina (Linnaeus","SE","Skattkärrsområdet","b8323864-602a-4a7d-9127-bb903054e97d",59.413089,13.671451,3000,NA,NA,NA,NA,NA,"1987-06-01T00:00:00Z",1,6,1987,2474639,2474639,"HUMAN_OBSERVATION","ArtDatabanken","Artportalen","58223732","","","","CC0_1_0","Åke Nygårds","Åke Nygårds",NA,"","2018-12-27T01:41:12.320Z","","COORDINATE_ROUNDED;GEODETIC_DATUM_ASSUMED_WGS84"
"1466599689","38b4c89f-584c-41bb-bd8f-cd1def33e92f","urn:lsid:artportalen.se:Sighting:23637909","Animalia","Chordata","Aves","Gruiformes","Rallidae","Porzana","Porzana carolina",NA,"SPECIES","Porzana carolina (Linnaeus","SE","Björknästorpsområdet","b8323864-602a-4a7d-9127-bb903054e97d",59.400571,13.661237,500,NA,NA,NA,NA,NA,"1987-06-10T00:00:00Z",10,6,1987,2474639,2474639,"HUMAN_OBSERVATION","ArtDatabanken","Artportalen","58436189","","","","CC0_1_0","Håkan Axelsson","Håkan Axelsson",NA,"","2018-12-27T02:12:15.261Z","","COORDINATE_ROUNDED;GEODETIC_DATUM_ASSUMED_WGS84"
"1466725970","38b4c89f-584c-41bb-bd8f-cd1def33e92f","urn:lsid:artportalen.se:Sighting:23741155","Animalia","Chordata","Aves","Gruiformes","Rallidae","Porzana","Porzana carolina",NA,"SPECIES","Porzana carolina (Linnaeus","SE","Skattkärrsområdet","b8323864-602a-4a7d-9127-bb903054e97d",59.413089,13.671451,3000,NA,NA,NA,NA,NA,"1987-06-01T00:00:00Z",1,6,1987,2474639,2474639,"HUMAN_OBSERVATION","ArtDatabanken","Artportalen","58575468","","","","CC0_1_0","Peter Wedar","Peter Wedar",NA,"","2018-12-27T02:12:53.833Z","","COORDINATE_ROUNDED;GEODETIC_DATUM_ASSUMED_WGS84"
"1467876190","38b4c89f-584c-41bb-bd8f-cd1def33e92f","urn:lsid:artportalen.se:Sighting:24642778","Animalia","Chordata","Aves","Gruiformes","Rallidae","Porzana","Porzana carolina",NA,"SPECIES","Porzana carolina (Linnaeus","SE","Skattkärrsviken","b8323864-602a-4a7d-9127-bb903054e97d",59.408033,13.692032,750,NA,NA,NA,NA,NA,"1987-06-06T22:00:00Z",6,6,1987,2474639,2474639,"HUMAN_OBSERVATION","ArtDatabanken","Artportalen","59927812","","","","CC0_1_0","Anders Carlberg","Anders Carlberg",NA,"","2018-12-06T00:10:51.926Z","","COORDINATE_ROUNDED;GEODETIC_DATUM_ASSUMED_WGS84"
"857838851","6d5fced1-6e85-4d9e-88f4-e1459772d2fd","CALIDRIS:CNAA:020216-110731:YCS3389","Animalia","Chordata","Aves","Gruiformes","Rallidae","Porzana","Porzana carolina",NA,"SPECIES","Porzana carolina (Linnaeus","CO","Lago Sochagota","dc282b9d-8f3b-4197-b174-ba5272721a6f",5.768472,-73.114528,NA,NA,NA,NA,NA,NA,"2006-07-12T00:00:00Z",12,7,2006,2474639,2474639,"HUMAN_OBSERVATION","Asociación para el Estudio y Conservación de las Aves Acuáticas en Colombia (CALIDRIS)","CALIDRIS","CALIDRIS:CNAA:020216-110731:YCS3389","","","2006-07-12T00:00:00Z","CC_BY_NC_4_0","CALIDRIS","Red Nacional de Observadores de Aves de Colombia",NA,"","2018-12-23T01:19:59.508Z","","COORDINATE_ROUNDED"
"857841270","6d5fced1-6e85-4d9e-88f4-e1459772d2fd","CALIDRIS:CNAA:020216-110731:YCS6137","Animalia","Chordata","Aves","Gruiformes","Rallidae","Porzana","Porzana carolina",NA,"SPECIES","Porzana carolina (Linnaeus","CO","Represa Cameguadua","dc282b9d-8f3b-4197-b174-ba5272721a6f",4.994844,-75.618897,NA,NA,NA,NA,NA,NA,"2008-07-13T00:00:00Z",13,7,2008,2474639,2474639,"HUMAN_OBSERVATION","Asociación para el Estudio y Conservación de las Aves Acuáticas en Colombia (CALIDRIS)","CALIDRIS","CALIDRIS:CNAA:020216-110731:YCS6137","","","2008-07-13T00:00:00Z","CC_BY_NC_4_0","CALIDRIS","Red Nacional de Observadores de Aves de Colombia",NA,"","2018-12-23T01:19:59.896Z","",""
"1464683489","38b4c89f-584c-41bb-bd8f-cd1def33e92f","urn:lsid:artportalen.se:Sighting:21359577","Animalia","Chordata","Aves","Gruiformes","Rallidae","Porzana","Porzana carolina",NA,"SPECIES","Porzana carolina (Linnaeus","SE","Skattkärrsområdet","b8323864-602a-4a7d-9127-bb903054e97d",59.413089,13.671451,3000,NA,NA,NA,NA,NA,"1987-06-03T00:15:00Z",3,6,1987,2474639,2474639,"HUMAN_OBSERVATION","ArtDatabanken","Artportalen","56039653","","","","CC0_1_0","Lars G R Nilsson","Lars G R Nilsson",NA,"","","",""
"1464741112","38b4c89f-584c-41bb-bd8f-cd1def33e92f","urn:lsid:artportalen.se:Sighting:21203771","Animalia","Chordata","Aves","Gruiformes","Rallidae","Porzana","Porzana carolina",NA,"SPECIES","Porzana carolina (Linnaeus","SE","Skattkärrsområdet","b8323864-602a-4a7d-9127-bb903054e97d",59.413089,13.671451,3000,NA,NA,NA,NA,NA,"1987-06-18T00:00:00Z",18,6,1987,2474639,2474639,"HUMAN_OBSERVATION","ArtDatabanken","Artportalen","56172115","","","","CC0_1_0","Lars Lundmark","Lars Lundmark",NA,"","2018-12-10T02:26:01.270Z","","COORDINATE_ROUNDED;GEODETIC_DATUM_ASSUMED_WGS84"
"1464988171","38b4c89f-584c-41bb-bd8f-cd1def33e92f","urn:lsid:artportalen.se:Sighting:21599554","Animalia","Chordata","Aves","Gruiformes","Rallidae","Porzana","Porzana carolina",NA,"SPECIES","Porzana carolina (Linnaeus","SE","Björknästorpsområdet","b8323864-602a-4a7d-9127-bb903054e97d",59.400571,13.661237,500,NA,NA,NA,NA,NA,"1987-06-01T00:30:00Z",1,6,1987,2474639,2474639,"HUMAN_OBSERVATION","ArtDatabanken","Artportalen","56461893","","","","CC0_1_0","Martin Tjernberg","Martin Tjernberg",NA,"","2018-12-10T02:28:11.135Z","","COORDINATE_ROUNDED;GEODETIC_DATUM_ASSUMED_WGS84"
"1465433925","38b4c89f-584c-41bb-bd8f-cd1def33e92f","urn:lsid:artportalen.se:Sighting:21989066","Animalia","Chordata","Aves","Gruiformes","Rallidae","Porzana","Porzana carolina",NA,"SPECIES","Porzana carolina (Linnaeus","SE","Skattkärrsområdet","b8323864-602a-4a7d-9127-bb903054e97d",59.413089,13.671451,3000,NA,NA,NA,NA,NA,"1987-06-10T00:00:00Z",10,6,1987,2474639,2474639,"HUMAN_OBSERVATION","ArtDatabanken","Artportalen","56989738","","","","CC0_1_0","joakim johansson","joakim johansson",NA,"","","",""
"1465667508","38b4c89f-584c-41bb-bd8f-cd1def33e92f","urn:lsid:artportalen.se:Sighting:22455801","Animalia","Chordata","Aves","Gruiformes","Rallidae","Porzana","Porzana carolina",NA,"SPECIES","Porzana carolina (Linnaeus","SE","Skattkärrsområdet","b8323864-602a-4a7d-9127-bb903054e97d",59.413089,13.671451,3000,NA,NA,NA,NA,NA,"1987-06-01T00:00:00Z",1,6,1987,2474639,2474639,"HUMAN_OBSERVATION","ArtDatabanken","Artportalen","57276021","","","","CC0_1_0","Jan Mogol","Jan Mogol",NA,"","2018-12-27T01:06:44.547Z","","COORDINATE_ROUNDED;GEODETIC_DATUM_ASSUMED_WGS84"
"1465705857","38b4c89f-584c-41bb-bd8f-cd1def33e92f","urn:lsid:artportalen.se:Sighting:22577304","Animalia","Chordata","Aves","Gruiformes","Rallidae","Porzana","Porzana carolina",NA,"SPECIES","Porzana carolina (Linnaeus","SE","Skattkärrsområdet","b8323864-602a-4a7d-9127-bb903054e97d",59.413089,13.671451,3000,NA,NA,NA,NA,NA,"1987-06-02T00:00:00Z",2,6,1987,2474639,2474639,"HUMAN_OBSERVATION","ArtDatabanken","Artportalen","57319913","","","","CC0_1_0","Henrik Bondestam","Henrik Bondestam",NA,"","","",""
"1465771242","38b4c89f-584c-41bb-bd8f-cd1def33e92f","urn:lsid:artportalen.se:Sighting:22592236","Animalia","Chordata","Aves","Gruiformes","Rallidae","Porzana","Porzana carolina",NA,"SPECIES","Porzana carolina (Linnaeus","SE","Skattkärrsviken","b8323864-602a-4a7d-9127-bb903054e97d",59.408033,13.692032,750,NA,NA,NA,NA,NA,"1987-06-03T22:00:00Z",3,6,1987,2474639,2474639,"HUMAN_OBSERVATION","ArtDatabanken","Artportalen","57421117","","","","CC0_1_0","Stefan Björn","Stefan Björn",NA,"","","",""
"896298170","905589dd-1f8f-4aee-95e6-5672466e348d","http://arctos.database.museum/guid/MLZ:Bird:65421?seid=1619375","Animalia","Chordata","Aves","Gruiformes","Rallidae","Porzana","Porzana carolina",NA,"SPECIES","Porzana carolina (Linnaeus","MX","Lerma","247b85e0-4e6b-46d1-b1c8-47b00bb8ced7",19.289858,-99.512357,3036,NA,2648.71,0,NA,NA,"1964-07-03T00:00:00Z",3,7,1964,2474639,2474639,"PRESERVED_SPECIMEN","MLZ","Bird specimens","MLZ:Bird:65421","134","J. S. Nava","","CC0_1_0","","Collector(s): J. S. Nava",NA,"","2019-07-05T17:02:45.123Z","","GEODETIC_DATUM_ASSUMED_WGS84"
"598253517","4fa7b334-ce0d-4e88-aaae-2e0c138d049e","URN:catalog:CLO:EBIRD:OBS126712126","Animalia","Chordata","Aves","Gruiformes","Rallidae","Porzana","Porzana carolina",NA,"SPECIES","Porzana carolina (Linnaeus","MX","La Ribera--Estero Oeste","e2e717bf-551a-4917-bdc9-4fa0f342c530",23.617317,-109.603558,NA,NA,NA,NA,NA,NA,"2011-07-21T00:00:00Z",21,7,2011,2474639,2474639,"HUMAN_OBSERVATION","CLO","EBIRD","OBS126712126","","","","CC0_1_0","","obsr279768",NA,"","2019-03-29T03:25:37.017Z","","COORDINATE_ROUNDED"
"598358945","4fa7b334-ce0d-4e88-aaae-2e0c138d049e","URN:catalog:CLO:EBIRD:OBS123346247","Animalia","Chordata","Aves","Gruiformes","Rallidae","Porzana","Porzana carolina",NA,"SPECIES","Porzana carolina (Linnaeus","MX","La Ribera--Estero Oeste","e2e717bf-551a-4917-bdc9-4fa0f342c530",23.617317,-109.603558,NA,NA,NA,NA,NA,NA,"2011-07-21T00:00:00Z",21,7,2011,2474639,2474639,"HUMAN_OBSERVATION","CLO","EBIRD","OBS123346247","","","","CC0_1_0","","obsr234797",NA,"","2019-03-29T03:07:38.747Z","","COORDINATE_ROUNDED"
"598902950","4fa7b334-ce0d-4e88-aaae-2e0c138d049e","URN:catalog:CLO:EBIRD_MEX:OBS121470410","Animalia","Chordata","Aves","Gruiformes","Rallidae","Porzana","Porzana carolina",NA,"SPECIES","Porzana carolina (Linnaeus","MX","Tunal","e2e717bf-551a-4917-bdc9-4fa0f342c530",24.058142,-104.528604,NA,NA,NA,NA,NA,NA,"2011-06-18T00:00:00Z",18,6,2011,2474639,2474639,"HUMAN_OBSERVATION","CLO","EBIRD_MEX","OBS121470410","","","","CC0_1_0","","obsr248449",NA,"","2019-03-29T03:14:58.775Z","","COORDINATE_ROUNDED"
"1484457495","38b4c89f-584c-41bb-bd8f-cd1def33e92f","urn:lsid:artportalen.se:Sighting:43104077","Animalia","Chordata","Aves","Gruiformes","Rallidae","Porzana","Porzana carolina",NA,"SPECIES","Porzana carolina (Linnaeus","SE","Skattkärrsområdet","b8323864-602a-4a7d-9127-bb903054e97d",59.413089,13.671451,3000,NA,NA,NA,NA,NA,"1987-06-12T00:00:00Z",12,6,1987,2474639,2474639,"HUMAN_OBSERVATION","ArtDatabanken","Artportalen","79233785","","","","CC0_1_0","Christina Bredin","Christina Bredin",NA,"","2019-01-04T17:45:52.090Z","","COORDINATE_ROUNDED;GEODETIC_DATUM_ASSUMED_WGS84"
"1485301768","38b4c89f-584c-41bb-bd8f-cd1def33e92f","urn:lsid:artportalen.se:Sighting:44190950","Animalia","Chordata","Aves","Gruiformes","Rallidae","Porzana","Porzana carolina",NA,"SPECIES","Porzana carolina (Linnaeus","SE","Skattkärrsområdet","b8323864-602a-4a7d-9127-bb903054e97d",59.413089,13.671451,3000,NA,NA,NA,NA,NA,"1987-06-02T00:00:00Z",2,6,1987,2474639,2474639,"HUMAN_OBSERVATION","ArtDatabanken","Artportalen","80208448","","","","CC0_1_0","tommy sundqvist","tommy sundqvist",NA,"","","",""
"1472244800","38b4c89f-584c-41bb-bd8f-cd1def33e92f","urn:lsid:artportalen.se:Sighting:29577686","Animalia","Chordata","Aves","Gruiformes","Rallidae","Porzana","Porzana carolina",NA,"SPECIES","Porzana carolina (Linnaeus","SE","Skattkärrsområdet","b8323864-602a-4a7d-9127-bb903054e97d",59.413089,13.671451,3000,NA,NA,NA,NA,NA,"1987-06-17T22:00:00Z",17,6,1987,2474639,2474639,"HUMAN_OBSERVATION","ArtDatabanken","Artportalen","65165429","","","","CC0_1_0","Christer Olsson","Christer Olsson",NA,"","2018-12-07T04:08:29.916Z","","COORDINATE_ROUNDED;GEODETIC_DATUM_ASSUMED_WGS84"
"1472881839","38b4c89f-584c-41bb-bd8f-cd1def33e92f","urn:lsid:artportalen.se:Sighting:30303203","Animalia","Chordata","Aves","Gruiformes","Rallidae","Porzana","Porzana carolina",NA,"SPECIES","Porzana carolina (Linnaeus","SE","Skattkärrsområdet","b8323864-602a-4a7d-9127-bb903054e97d",59.413089,13.671451,3000,NA,NA,NA,NA,NA,"1987-06-04T21:00:00Z",4,6,1987,2474639,2474639,"HUMAN_OBSERVATION","ArtDatabanken","Artportalen","65933056","","","","CC0_1_0","Bengt Sjösten","Bengt Sjösten",NA,"","","",""
"1473194339","38b4c89f-584c-41bb-bd8f-cd1def33e92f","urn:lsid:artportalen.se:Sighting:30926400","Animalia","Chordata","Aves","Gruiformes","Rallidae","Porzana","Porzana carolina",NA,"SPECIES","Porzana carolina (Linnaeus","SE","Skattkärrsområdet","b8323864-602a-4a7d-9127-bb903054e97d",59.413089,13.671451,3000,NA,NA,NA,NA,NA,"1987-06-08T20:45:00Z",8,6,1987,2474639,2474639,"HUMAN_OBSERVATION","ArtDatabanken","Artportalen","66331041","","","","CC0_1_0","Lennart Eriksson","Lennart Eriksson",NA,"","2018-12-09T04:03:22.044Z","","COORDINATE_ROUNDED;GEODETIC_DATUM_ASSUMED_WGS84"
"1473472236","38b4c89f-584c-41bb-bd8f-cd1def33e92f","urn:lsid:artportalen.se:Sighting:31230921","Animalia","Chordata","Aves","Gruiformes","Rallidae","Porzana","Porzana carolina",NA,"SPECIES","Porzana carolina (Linnaeus","SE","Skattkärrsområdet","b8323864-602a-4a7d-9127-bb903054e97d",59.413089,13.671451,3000,NA,NA,NA,NA,NA,"1987-06-06T00:00:00Z",6,6,1987,2474639,2474639,"HUMAN_OBSERVATION","ArtDatabanken","Artportalen","66685281","","","","CC0_1_0","Magnus Unger","Magnus Unger",NA,"","","",""
"2246968267","38b4c89f-584c-41bb-bd8f-cd1def33e92f","urn:lsid:artportalen.se:Sighting:75417001","Animalia","Chordata","Aves","Gruiformes","Rallidae","Porzana","Porzana carolina",NA,"SPECIES","Porzana carolina (Linnaeus","SE","Jäverön","b8323864-602a-4a7d-9127-bb903054e97d",59.372199,13.642247,2500,NA,NA,NA,NA,NA,"1987-06-25T21:00:00Z",25,6,1987,2474639,2474639,"HUMAN_OBSERVATION","ArtDatabanken","Artportalen","118471284","","","","CC0_1_0","Magnus Croon","Magnus Croon",NA,"","2019-05-30T02:18:55.584Z","","COORDINATE_ROUNDED;GEODETIC_DATUM_ASSUMED_WGS84"
"2184939672","4fa7b334-ce0d-4e88-aaae-2e0c138d049e","URN:catalog:CLO:EBIRD:OBS629991765","Animalia","Chordata","Aves","Gruiformes","Rallidae","Porzana","Porzana carolina",NA,"SPECIES","Porzana carolina (Linnaeus","MX","Ciénega Redonda","e2e717bf-551a-4917-bdc9-4fa0f342c530",32.531871,-116.317234,NA,NA,NA,NA,NA,NA,"2018-06-10T00:00:00Z",10,6,2018,2474639,2474639,"HUMAN_OBSERVATION","CLO","EBIRD","OBS629991765","","","","CC0_1_0","","obsr539850",NA,"","2019-03-31T12:52:13.396Z","","COORDINATE_ROUNDED"
"2185014134","4fa7b334-ce0d-4e88-aaae-2e0c138d049e","URN:catalog:CLO:EBIRD:OBS641913807","Animalia","Chordata","Aves","Gruiformes","Rallidae","Porzana","Porzana carolina",NA,"SPECIES","Porzana carolina (Linnaeus","BS","Ponds at Office of the Prime Minister","e2e717bf-551a-4917-bdc9-4fa0f342c530",25.070042,-77.382338,NA,NA,NA,NA,NA,NA,"2018-07-22T00:00:00Z",22,7,2018,2474639,2474639,"HUMAN_OBSERVATION","CLO","EBIRD","OBS641913807","","","","CC0_1_0","","obsr246531",NA,"","2019-03-31T12:53:00.527Z","","COORDINATE_ROUNDED"
"2185152016","4fa7b334-ce0d-4e88-aaae-2e0c138d049e","URN:catalog:CLO:EBIRD:OBS642119379","Animalia","Chordata","Aves","Gruiformes","Rallidae","Porzana","Porzana carolina",NA,"SPECIES","Porzana carolina (Linnaeus","BS","Ponds at Office of the Prime Minister","e2e717bf-551a-4917-bdc9-4fa0f342c530",25.070042,-77.382338,NA,NA,NA,NA,NA,NA,"2018-07-22T00:00:00Z",22,7,2018,2474639,2474639,"HUMAN_OBSERVATION","CLO","EBIRD","OBS642119379","","","","CC0_1_0","","obsr764896",NA,"","2019-03-31T12:54:15.468Z","","COORDINATE_ROUNDED"
"1488239448","38b4c89f-584c-41bb-bd8f-cd1def33e92f","urn:lsid:artportalen.se:Sighting:49210834","Animalia","Chordata","Aves","Gruiformes","Rallidae","Porzana","Porzana carolina",NA,"SPECIES","Porzana carolina (Linnaeus","SE","Björknästorpsområdet","b8323864-602a-4a7d-9127-bb903054e97d",59.400571,13.661237,500,NA,NA,NA,NA,NA,"1987-06-05T00:00:00Z",5,6,1987,2474639,2474639,"HUMAN_OBSERVATION","ArtDatabanken","Artportalen","83508264","","","","CC0_1_0","Sven-Gösta Svantesson","Sven-Gösta Svantesson",NA,"","2019-01-04T18:27:44.735Z","","COORDINATE_ROUNDED;GEODETIC_DATUM_ASSUMED_WGS84"
"1488481622","38b4c89f-584c-41bb-bd8f-cd1def33e92f","urn:lsid:artportalen.se:Sighting:47771423","Animalia","Chordata","Aves","Gruiformes","Rallidae","Porzana","Porzana carolina",NA,"SPECIES","Porzana carolina (Linnaeus","SE","Kråkberg","b8323864-602a-4a7d-9127-bb903054e97d",61.031571,14.534607,1888,NA,NA,NA,NA,NA,"1987-07-08T00:00:00Z",8,7,1987,2474639,2474639,"HUMAN_OBSERVATION","ArtDatabanken","Artportalen","83781532","","","","CC0_1_0","Jan-Åke Rosén","Jan-Åke Rosén",NA,"","2019-01-04T18:33:41.826Z","","COORDINATE_ROUNDED;GEODETIC_DATUM_ASSUMED_WGS84"
"1207377070","4fa7b334-ce0d-4e88-aaae-2e0c138d049e","URN:catalog:CLO:EBIRD:OBS94562125","Animalia","Chordata","Aves","Gruiformes","Rallidae","Porzana","Porzana carolina",NA,"SPECIES","Porzana carolina (Linnaeus","PR","Laguna Cartegena - Tower","e2e717bf-551a-4917-bdc9-4fa0f342c530",18.011467,-67.102567,NA,NA,NA,NA,NA,NA,"2010-06-15T00:00:00Z",15,6,2010,2474639,2474639,"HUMAN_OBSERVATION","CLO","EBIRD","OBS94562125","","","","CC0_1_0","","obsr124182",NA,"","2019-03-29T02:53:11.640Z","","COORDINATE_ROUNDED"
"1207377080","4fa7b334-ce0d-4e88-aaae-2e0c138d049e","URN:catalog:CLO:EBIRD:OBS94552866","Animalia","Chordata","Aves","Gruiformes","Rallidae","Porzana","Porzana carolina",NA,"SPECIES","Porzana carolina (Linnaeus","PR","Laguna Cartegena - Tower","e2e717bf-551a-4917-bdc9-4fa0f342c530",18.011467,-67.102567,NA,NA,NA,NA,NA,NA,"2010-06-15T00:00:00Z",15,6,2010,2474639,2474639,"HUMAN_OBSERVATION","CLO","EBIRD","OBS94552866","","","","CC0_1_0","","obsr120124",NA,"","2019-03-29T02:05:36.053Z","","COORDINATE_ROUNDED"
"1436167135","38b4c89f-584c-41bb-bd8f-cd1def33e92f","urn:lsid:artportalen.se:Sighting:63540110","Animalia","Chordata","Aves","Gruiformes","Rallidae","Porzana","Porzana carolina",NA,"SPECIES","Porzana carolina (Linnaeus","SE","Skattkärrsområdet","b8323864-602a-4a7d-9127-bb903054e97d",59.413089,13.671451,3000,NA,NA,NA,NA,NA,"1987-06-05T00:00:00Z",5,6,1987,2474639,2474639,"HUMAN_OBSERVATION","ArtDatabanken","Artportalen","104370957","","","","CC0_1_0","George Gustafsson","George Gustafsson",NA,"","2019-01-26T09:03:51.551Z","","COORDINATE_ROUNDED;GEODETIC_DATUM_ASSUMED_WGS84"
"1422416662","f2fa6ed4-b488-4628-9818-3599facca32f","urn:catalog:NO DISPONIBLE:NO DISPONIBLE:NO DISPONIBLE:252902","Animalia","Chordata","Aves","Gruiformes","Rallidae","Porzana","Porzana carolina",NA,"SPECIES","Porzana carolina (Linnaeus","MX","TECOLUTLA","ff90b050-c256-11db-b71b-b8a03c50a862",20.5,-97.016667,NA,NA,0,0,0,0,"1958-06-02T00:00:00Z",2,6,1958,2474639,2474639,"UNKNOWN","NO DISPONIBLE","NO DISPONIBLE","NO DISPONIBLE","","NO DISPONIBLE","","CC_BY_NC_4_0","Comisión Nacional para el Conocimiento y Uso de la Biodiversidad (CONABIO)","NO DISPONIBLE",NA,"","2018-12-08T19:52:42.972Z","","COORDINATE_ROUNDED;GEODETIC_DATUM_ASSUMED_WGS84"
"1422508308","f2fa6ed4-b488-4628-9818-3599facca32f","urn:catalog:NO DISPONIBLE:NO DISPONIBLE:NO DISPONIBLE:252903","Animalia","Chordata","Aves","Gruiformes","Rallidae","Porzana","Porzana carolina",NA,"SPECIES","Porzana carolina (Linnaeus","MX","TECOLUTLA","ff90b050-c256-11db-b71b-b8a03c50a862",20.5,-97.016667,NA,NA,0,0,0,0,"1958-06-02T00:00:00Z",2,6,1958,2474639,2474639,"UNKNOWN","NO DISPONIBLE","NO DISPONIBLE","NO DISPONIBLE","","NO DISPONIBLE","","CC_BY_NC_4_0","Comisión Nacional para el Conocimiento y Uso de la Biodiversidad (CONABIO)","NO DISPONIBLE",NA,"","2018-12-08T19:53:25.073Z","","COORDINATE_ROUNDED;GEODETIC_DATUM_ASSUMED_WGS84"
"2087544223","4fa7b334-ce0d-4e88-aaae-2e0c138d049e","URN:catalog:CLO:EBIRD:OBS519843548","Animalia","Chordata","Aves","Gruiformes","Rallidae","Porzana","Porzana carolina",NA,"SPECIES","Porzana carolina (Linnaeus","AW","Bubali Bird Sanctuary.","e2e717bf-551a-4917-bdc9-4fa0f342c530",12.561571,-70.048334,NA,NA,NA,NA,NA,NA,"2017-07-19T00:00:00Z",19,7,2017,2474639,2474639,"HUMAN_OBSERVATION","CLO","EBIRD","OBS519843548","","","","CC0_1_0","","obsr431970",NA,"","2019-03-28T10:40:45.873Z","","COORDINATE_ROUNDED"
"1756609233","4fa7b334-ce0d-4e88-aaae-2e0c138d049e","URN:catalog:CLO:EBIRD:OBS424657726","Animalia","Chordata","Aves","Gruiformes","Rallidae","Porzana","Porzana carolina",NA,"SPECIES","Porzana carolina (Linnaeus","VI","Virgin Islands NP--Francis Bay Trail","e2e717bf-551a-4917-bdc9-4fa0f342c530",18.365751,-64.742216,NA,NA,NA,NA,NA,NA,"2007-07-10T00:00:00Z",10,7,2007,2474639,2474639,"HUMAN_OBSERVATION","CLO","EBIRD","OBS424657726","","","","CC0_1_0","","obsr190782",NA,"","2019-03-27T23:06:55.701Z","","COORDINATE_ROUNDED"
"2075142897","4fa7b334-ce0d-4e88-aaae-2e0c138d049e","URN:catalog:CLO:EBIRD:OBS510862071","Animalia","Chordata","Aves","Gruiformes","Rallidae","Porzana","Porzana carolina",NA,"SPECIES","Porzana carolina (Linnaeus","NO","Nordre Ovenbukt","e2e717bf-551a-4917-bdc9-4fa0f342c530",59.3308,10.7531,NA,NA,NA,NA,NA,NA,"2017-06-13T00:00:00Z",13,6,2017,2474639,2474639,"HUMAN_OBSERVATION","CLO","EBIRD","OBS510862071","","","","CC0_1_0","","obsr306364",NA,"","2019-03-28T08:20:46.730Z","",""
"2177278420","4fa7b334-ce0d-4e88-aaae-2e0c138d049e","URN:catalog:CLO:EBIRD:OBS629789657","Animalia","Chordata","Aves","Gruiformes","Rallidae","Porzana","Porzana carolina",NA,"SPECIES","Porzana carolina (Linnaeus","MX","Campo Mosqueda--Camino Entrada","e2e717bf-551a-4917-bdc9-4fa0f342c530",32.147476,-115.286658,NA,NA,NA,NA,NA,NA,"2018-06-10T00:00:00Z",10,6,2018,2474639,2474639,"HUMAN_OBSERVATION","CLO","EBIRD","OBS629789657","","","","CC0_1_0","","obsr241269",NA,"","2019-03-31T11:35:51.556Z","","COORDINATE_ROUNDED"
"2066768347","4fa7b334-ce0d-4e88-aaae-2e0c138d049e","URN:catalog:CLO:EBIRD:OBS515737811","Animalia","Chordata","Aves","Gruiformes","Rallidae","Porzana","Porzana carolina",NA,"SPECIES","Porzana carolina (Linnaeus","NO","Nordre Ovenbukt","e2e717bf-551a-4917-bdc9-4fa0f342c530",59.3308,10.7531,NA,NA,NA,NA,NA,NA,"2017-06-16T00:00:00Z",16,6,2017,2474639,2474639,"HUMAN_OBSERVATION","CLO","EBIRD","OBS515737811","","","","CC0_1_0","","obsr418104",NA,"","2019-03-28T06:45:07.637Z","",""
"955464321","4fa7b334-ce0d-4e88-aaae-2e0c138d049e","URN:catalog:CLO:EBIRD_PR:OBS199767078","Animalia","Chordata","Aves","Gruiformes","Rallidae","Porzana","Porzana carolina",NA,"SPECIES","Porzana carolina (Linnaeus","PR","Laguna Cartegena - West End","e2e717bf-551a-4917-bdc9-4fa0f342c530",18.011233,-67.109,NA,NA,NA,NA,NA,NA,"2013-06-01T00:00:00Z",1,6,2013,2474639,2474639,"HUMAN_OBSERVATION","CLO","EBIRD_PR","OBS199767078","","","","CC0_1_0","","obsr61215",NA,"","2019-03-27T13:57:32.185Z","","COORDINATE_ROUNDED"
"2059056037","4fa7b334-ce0d-4e88-aaae-2e0c138d049e","URN:catalog:CLO:EBIRD:OBS507002467","Animalia","Chordata","Aves","Gruiformes","Rallidae","Porzana","Porzana carolina",NA,"SPECIES","Porzana carolina (Linnaeus","BM","Spittal Pond NR","e2e717bf-551a-4917-bdc9-4fa0f342c530",32.311437,-64.726124,NA,NA,NA,NA,NA,NA,"2017-06-01T00:00:00Z",1,6,2017,2474639,2474639,"HUMAN_OBSERVATION","CLO","EBIRD","OBS507002467","","","","CC0_1_0","","obsr13613",NA,"","2019-03-28T05:29:26.837Z","","COORDINATE_ROUNDED"
"1384483682","4fa7b334-ce0d-4e88-aaae-2e0c138d049e","URN:catalog:CLO:EBIRD:OBS339506374","Animalia","Chordata","Aves","Gruiformes","Rallidae","Porzana","Porzana carolina",NA,"SPECIES","Porzana carolina (Linnaeus","BZ","Cockscomb Basin Wildlife Sanctuary","e2e717bf-551a-4917-bdc9-4fa0f342c530",16.781198,-88.45717,NA,NA,NA,NA,NA,NA,"2015-07-28T00:00:00Z",28,7,2015,2474639,2474639,"HUMAN_OBSERVATION","CLO","EBIRD","OBS339506374","","","","CC0_1_0","","obsr423068",NA,"","2019-03-27T19:31:29.722Z","",""
"1379508456","4fa7b334-ce0d-4e88-aaae-2e0c138d049e","URN:catalog:CLO:EBIRD:OBS333723993","Animalia","Chordata","Aves","Gruiformes","Rallidae","Porzana","Porzana carolina",NA,"SPECIES","Porzana carolina (Linnaeus","BZ","Cockscomb Basin Wildlife Sanctuary","e2e717bf-551a-4917-bdc9-4fa0f342c530",16.781198,-88.45717,NA,NA,NA,NA,NA,NA,"2015-07-28T00:00:00Z",28,7,2015,2474639,2474639,"HUMAN_OBSERVATION","CLO","EBIRD","OBS333723993","","","","CC0_1_0","","obsr191211",NA,"","2019-03-27T19:19:08.818Z","",""
"2217108612","4fa7b334-ce0d-4e88-aaae-2e0c138d049e","URN:catalog:CLO:EBIRD:OBS677501493","Animalia","Chordata","Aves","Gruiformes","Rallidae","Porzana","Porzana carolina",NA,"SPECIES","Porzana carolina (Linnaeus","MX","Estero San José","e2e717bf-551a-4917-bdc9-4fa0f342c530",23.054976,-109.683642,NA,NA,NA,NA,NA,NA,"2007-07-14T00:00:00Z",14,7,2007,2474639,2474639,"HUMAN_OBSERVATION","CLO","EBIRD","OBS677501493","","","","CC0_1_0","","obsr234797",NA,"","2019-03-31T17:56:04.037Z","","COORDINATE_ROUNDED"
"1707638525","3bef6fb2-9a1f-4d8d-b5f3-d6d23885905c","IAvH:IAvH-A-7287","Animalia","Chordata","Aves","Gruiformes","Rallidae","Porzana","Porzana carolina",NA,"SPECIES","Porzana carolina (Linnaeus","CO","PNN Chingaza","2a7e3080-28a9-11dd-97cd-b8a03c50a862",NA,NA,NA,NA,NA,NA,NA,NA,"1990-07-01T00:00:00Z",NA,7,1990,2474639,2474639,"PRESERVED_SPECIMEN","Instituto de Investigación de Recursos Biológicos Alexander von Humboldt (IAvH)","IAvH-A","IAvH-A-7287","","Paez","","","","",NA,"","","",""
"2272573488","38b4c89f-584c-41bb-bd8f-cd1def33e92f","urn:lsid:artportalen.se:Sighting:78030412","Animalia","Chordata","Aves","Gruiformes","Rallidae","Porzana","Porzana carolina",NA,"SPECIES","Porzana carolina (Linnaeus","SE","Björknästorpsområdet","b8323864-602a-4a7d-9127-bb903054e97d",59.400571,13.661237,500,NA,NA,NA,NA,NA,"1987-06-17T00:00:00Z",17,6,1987,2474639,2474639,"HUMAN_OBSERVATION","ArtDatabanken","Artportalen","121775373","","","","CC0_1_0","Ralf Norberg","Ralf Norberg",NA,"","2019-06-28T08:18:32.016Z","","COORDINATE_ROUNDED;GEODETIC_DATUM_ASSUMED_WGS84"
"2029443018","4fa7b334-ce0d-4e88-aaae-2e0c138d049e","URN:catalog:CLO:EBIRD:OBS425809322","Animalia","Chordata","Aves","Gruiformes","Rallidae","Porzana","Porzana carolina",NA,"SPECIES","Porzana carolina (Linnaeus","CO","lago Sochagota-Paipa","e2e717bf-551a-4917-bdc9-4fa0f342c530",5.76451,-73.11573,NA,NA,NA,NA,NA,NA,"2006-07-12T00:00:00Z",12,7,2006,2474639,2474639,"HUMAN_OBSERVATION","CLO","EBIRD","OBS425809322","","","","CC0_1_0","","obsr181060",NA,"","2019-03-27T23:03:44.311Z","","COORDINATE_ROUNDED"
"1821376451","38b4c89f-584c-41bb-bd8f-cd1def33e92f","urn:lsid:artportalen.se:Sighting:69016255","Animalia","Chordata","Aves","Gruiformes","Rallidae","Porzana","Porzana carolina",NA,"SPECIES","Porzana carolina (Linnaeus","SE","Skattkärrsområdet","b8323864-602a-4a7d-9127-bb903054e97d",59.413089,13.671451,3000,NA,NA,NA,NA,NA,"1987-06-04T00:00:00Z",4,6,1987,2474639,2474639,"HUMAN_OBSERVATION","ArtDatabanken","Artportalen","109523453","","","","CC0_1_0","Mats Henriksson","Mats Henriksson",NA,"","2019-02-10T02:08:27.944Z","","COORDINATE_ROUNDED;GEODETIC_DATUM_ASSUMED_WGS84"
"2078038342","4fa7b334-ce0d-4e88-aaae-2e0c138d049e","URN:catalog:CLO:EBIRD:OBS514700366","Animalia","Chordata","Aves","Gruiformes","Rallidae","Porzana","Porzana carolina",NA,"SPECIES","Porzana carolina (Linnaeus","NO","Nordre Ovenbukt","e2e717bf-551a-4917-bdc9-4fa0f342c530",59.3308,10.7531,NA,NA,NA,NA,NA,NA,"2017-06-16T00:00:00Z",16,6,2017,2474639,2474639,"HUMAN_OBSERVATION","CLO","EBIRD","OBS514700366","","","","CC0_1_0","","obsr206978",NA,"","2019-03-28T08:53:51.928Z","",""
"668324420","36f15a36-6b45-442e-9c31-cd633423aee0","f4d4be0f-82ca-4ba9-8781-2aad657162ab","Animalia","Chordata","Aves","Gruiformes","Rallidae","Porzana","Porzana carolina",NA,"SPECIES","Porzana carolina (Linnaeus","CU","Cerro","7b8aff00-a9f8-11d8-944b-b8a03c50a862",NA,NA,NA,NA,NA,NA,NA,NA,"1933-06-20T00:00:00Z",20,6,1933,2474639,2474639,"PRESERVED_SPECIMEN","FMNH","Birds","157464","248","","","CC0_1_0","The Field Museum of Natural History","",NA,"","2019-02-05T22:40:04.551Z","",""
"1744848998","4fa7b334-ce0d-4e88-aaae-2e0c138d049e","URN:catalog:CLO:EBIRD_CB:OBS411360195","Animalia","Chordata","Aves","Gruiformes","Rallidae","Porzana","Porzana carolina",NA,"SPECIES","Porzana carolina (Linnaeus","BS","Bahama Beach","e2e717bf-551a-4917-bdc9-4fa0f342c530",26.645799,-78.932347,NA,NA,NA,NA,NA,NA,"2016-06-11T00:00:00Z",11,6,2016,2474639,2474639,"HUMAN_OBSERVATION","CLO","EBIRD_CB","OBS411360195","","","","CC0_1_0","","obsr197432",NA,"","2019-03-27T22:32:14.313Z","","COORDINATE_ROUNDED"
"1744860525","4fa7b334-ce0d-4e88-aaae-2e0c138d049e","URN:catalog:CLO:EBIRD_CB:OBS411348882","Animalia","Chordata","Aves","Gruiformes","Rallidae","Porzana","Porzana carolina",NA,"SPECIES","Porzana carolina (Linnaeus","BS","Bahama Beach","e2e717bf-551a-4917-bdc9-4fa0f342c530",26.645799,-78.932347,NA,NA,NA,NA,NA,NA,"2016-06-11T00:00:00Z",11,6,2016,2474639,2474639,"HUMAN_OBSERVATION","CLO","EBIRD_CB","OBS411348882","","","","CC0_1_0","","obsr595543",NA,"","2019-03-27T22:48:49.800Z","","COORDINATE_ROUNDED"
"1744899968","4fa7b334-ce0d-4e88-aaae-2e0c138d049e","URN:catalog:CLO:EBIRD_CB:OBS411375924","Animalia","Chordata","Aves","Gruiformes","Rallidae","Porzana","Porzana carolina",NA,"SPECIES","Porzana carolina (Linnaeus","BS","Bahama Beach","e2e717bf-551a-4917-bdc9-4fa0f342c530",26.645799,-78.932347,NA,NA,NA,NA,NA,NA,"2016-06-11T00:00:00Z",11,6,2016,2474639,2474639,"HUMAN_OBSERVATION","CLO","EBIRD_CB","OBS411375924","","","","CC0_1_0","","obsr729775",NA,"","2019-03-27T22:08:32.895Z","","COORDINATE_ROUNDED"
"1745005182","4fa7b334-ce0d-4e88-aaae-2e0c138d049e","URN:catalog:CLO:EBIRD_CB:OBS411530231","Animalia","Chordata","Aves","Gruiformes","Rallidae","Porzana","Porzana carolina",NA,"SPECIES","Porzana carolina (Linnaeus","BS","Bahama Beach","e2e717bf-551a-4917-bdc9-4fa0f342c530",26.645799,-78.932347,NA,NA,NA,NA,NA,NA,"2016-06-11T00:00:00Z",11,6,2016,2474639,2474639,"HUMAN_OBSERVATION","CLO","EBIRD_CB","OBS411530231","","","","CC0_1_0","","obsr501439",NA,"","2019-03-27T22:08:58.168Z","","COORDINATE_ROUNDED"
"1752395369","4fa7b334-ce0d-4e88-aaae-2e0c138d049e","URN:catalog:CLO:EBIRD_CB:OBS420197850","Animalia","Chordata","Aves","Gruiformes","Rallidae","Porzana","Porzana carolina",NA,"SPECIES","Porzana carolina (Linnaeus","AW","Bubali Bird Sanctuary","e2e717bf-551a-4917-bdc9-4fa0f342c530",12.561454,-70.048345,NA,NA,NA,NA,NA,NA,"2016-07-25T00:00:00Z",25,7,2016,2474639,2474639,"HUMAN_OBSERVATION","CLO","EBIRD_CB","OBS420197850","","","","CC0_1_0","","obsr431970",NA,"","2019-03-27T22:31:24.394Z","","COORDINATE_ROUNDED"
"1932096369","9850b85a-793f-429d-a437-2d5b46282acf","AVCO:RNOA:AVES:361464","Animalia","Chordata","Aves","Gruiformes","Rallidae","Porzana","Porzana carolina",NA,"SPECIES","Porzana carolina (Linnaeus","CO","Cave Morgan","dc282b9d-8f3b-4197-b174-ba5272721a6f",12.52101,-81.726748,NA,NA,0.5,0.5,NA,NA,"2006-06-25T00:00:00Z",25,6,2006,2474639,2474639,"HUMAN_OBSERVATION","Red Nacional de Observadores de Aves (RNOA)","AVES","361464","","","","CC0_1_0","","Thomas McNish Merill",NA,"","2018-12-07T06:17:45.151Z","","GEODETIC_DATUM_ASSUMED_WGS84"
"1932096716","9850b85a-793f-429d-a437-2d5b46282acf","AVCO:RNOA:AVES:312022","Animalia","Chordata","Aves","Gruiformes","Rallidae","Porzana","Porzana carolina",NA,"SPECIES","Porzana carolina (Linnaeus","CO","Cave Morgan","dc282b9d-8f3b-4197-b174-ba5272721a6f",12.52101,-81.726748,NA,NA,0.5,0.5,NA,NA,"2006-06-25T00:00:00Z",25,6,2006,2474639,2474639,"HUMAN_OBSERVATION","Red Nacional de Observadores de Aves (RNOA)","AVES","312022","","","","CC0_1_0","","Thomas McNish Merill",NA,"","2018-12-07T06:17:45.340Z","","GEODETIC_DATUM_ASSUMED_WGS84"
"1932098633","9850b85a-793f-429d-a437-2d5b46282acf","AVCO:RNOA:AVES:000006","Animalia","Chordata","Aves","Gruiformes","Rallidae","Porzana","Porzana carolina",NA,"SPECIES","Porzana carolina (Linnaeus","CO","Cave Morgan","dc282b9d-8f3b-4197-b174-ba5272721a6f",12.52101,-81.726748,NA,NA,0.5,0.5,NA,NA,"2006-06-25T00:00:00Z",25,6,2006,2474639,2474639,"HUMAN_OBSERVATION","Red Nacional de Observadores de Aves (RNOA)","AVES","6","","","","CC0_1_0","","Thomas McNish Merill",NA,"","2018-12-07T06:17:46.310Z","","GEODETIC_DATUM_ASSUMED_WGS84"
"1932146646","9850b85a-793f-429d-a437-2d5b46282acf","AVCO:RNOA:AVES:097122","Animalia","Chordata","Aves","Gruiformes","Rallidae","Porzana","Porzana carolina",NA,"SPECIES","Porzana carolina (Linnaeus","CO","Sabana De Bogotá","dc282b9d-8f3b-4197-b174-ba5272721a6f",4.5166,-74.45,NA,NA,NA,NA,NA,NA,"1995-07-29T00:00:00Z",29,7,1995,2474639,2474639,"HUMAN_OBSERVATION","Red Nacional de Observadores de Aves (RNOA)","AVES","97122","","","","CC0_1_0","","ABO Asociacion Bogotana de Ornitologia",NA,"","2018-12-07T06:18:11.295Z","","GEODETIC_DATUM_ASSUMED_WGS84"
"1932147034","9850b85a-793f-429d-a437-2d5b46282acf","AVCO:RNOA:AVES:167097","Animalia","Chordata","Aves","Gruiformes","Rallidae","Porzana","Porzana carolina",NA,"SPECIES","Porzana carolina (Linnaeus","CO","Sabana De Bogotá","dc282b9d-8f3b-4197-b174-ba5272721a6f",4.5166,-74.45,NA,NA,NA,NA,NA,NA,"1995-07-29T00:00:00Z",29,7,1995,2474639,2474639,"HUMAN_OBSERVATION","Red Nacional de Observadores de Aves (RNOA)","AVES","167097","","","","CC0_1_0","","ABO Asociacion Bogotana de Ornitologia",NA,"","2018-12-07T06:18:11.628Z","","GEODETIC_DATUM_ASSUMED_WGS84"
"2185553597","4fa7b334-ce0d-4e88-aaae-2e0c138d049e","URN:catalog:CLO:EBIRD:OBS642857534","Animalia","Chordata","Aves","Gruiformes","Rallidae","Porzana","Porzana carolina",NA,"SPECIES","Porzana carolina (Linnaeus","MX","La Lagunita El Ciprés","e2e717bf-551a-4917-bdc9-4fa0f342c530",31.816441,-116.608061,NA,NA,NA,NA,NA,NA,"2018-07-24T00:00:00Z",24,7,2018,2474639,2474639,"HUMAN_OBSERVATION","CLO","EBIRD","OBS642857534","","","","CC0_1_0","","obsr206492",NA,"","2019-03-31T12:55:08.750Z","","COORDINATE_ROUNDED"
"1147094217","7f6dd0f7-9ed4-49c0-bb71-b2a9c7fed9f1","4a574677-dfb5-40a2-9dd7-e935866a6c93","Animalia","Chordata","Aves","Gruiformes","Rallidae","Porzana","Porzana carolina",NA,"SPECIES","Porzana carolina (Linnaeus","SE","Ralansen","e2e717bf-551a-4917-bdc9-4fa0f342c530",64.25,14.783333,NA,NA,NA,NA,NA,NA,"1966-06-14T00:00:00Z",14,6,1966,2474639,2474639,"MACHINE_OBSERVATION","CLO","ML","2870","","","","CC0_1_0","","Sten Wahlstrom",NA,"NATIVE","2018-12-06T16:50:22.972Z","","COORDINATE_ROUNDED"
"2188438363","4fa7b334-ce0d-4e88-aaae-2e0c138d049e","URN:catalog:CLO:EBIRD:OBS641381896","Animalia","Chordata","Aves","Gruiformes","Rallidae","Porzana","Porzana carolina",NA,"SPECIES","Porzana carolina (Linnaeus","MX","La Lagunita El Ciprés","e2e717bf-551a-4917-bdc9-4fa0f342c530",31.816441,-116.608061,NA,NA,NA,NA,NA,NA,"2018-07-20T00:00:00Z",20,7,2018,2474639,2474639,"HUMAN_OBSERVATION","CLO","EBIRD","OBS641381896","","","","CC0_1_0","","obsr205667",NA,"","2019-03-31T13:20:34.726Z","","COORDINATE_ROUNDED"
"2173367924","4fa7b334-ce0d-4e88-aaae-2e0c138d049e","URN:catalog:CLO:EBIRD:OBS629919374","Animalia","Chordata","Aves","Gruiformes","Rallidae","Porzana","Porzana carolina",NA,"SPECIES","Porzana carolina (Linnaeus","MX","Ciénega Redonda","e2e717bf-551a-4917-bdc9-4fa0f342c530",32.531871,-116.317234,NA,NA,NA,NA,NA,NA,"2018-06-10T00:00:00Z",10,6,2018,2474639,2474639,"HUMAN_OBSERVATION","CLO","EBIRD","OBS629919374","","","","CC0_1_0","","obsr52442",NA,"","2019-03-31T11:04:54.095Z","","COORDINATE_ROUNDED"
"1486004858","38b4c89f-584c-41bb-bd8f-cd1def33e92f","urn:lsid:artportalen.se:Sighting:45073848","Animalia","Chordata","Aves","Gruiformes","Rallidae","Porzana","Porzana carolina",NA,"SPECIES","Porzana carolina (Linnaeus","SE","Skattkärrsområdet","b8323864-602a-4a7d-9127-bb903054e97d",59.413089,13.671451,3000,NA,NA,NA,NA,NA,"1987-06-05T23:15:00Z",5,6,1987,2474639,2474639,"HUMAN_OBSERVATION","ArtDatabanken","Artportalen","81000981","","","","CC0_1_0","Ulf Oscarsson","Ulf Oscarsson",NA,"","2019-01-04T18:01:34.559Z","","COORDINATE_ROUNDED;GEODETIC_DATUM_ASSUMED_WGS84"
"1489156532","38b4c89f-584c-41bb-bd8f-cd1def33e92f","urn:lsid:artportalen.se:Sighting:48582254","Animalia","Chordata","Aves","Gruiformes","Rallidae","Porzana","Porzana carolina",NA,"SPECIES","Porzana carolina (Linnaeus","SE","Mora","b8323864-602a-4a7d-9127-bb903054e97d",61.008456,14.546958,4982,NA,NA,NA,NA,NA,"1987-07-07T00:00:00Z",7,7,1987,2474639,2474639,"HUMAN_OBSERVATION","ArtDatabanken","Artportalen","84548949","","","","CC0_1_0","Jan Nordin","Jan Nordin",NA,"","2019-01-04T18:40:02.504Z","","GEODETIC_DATUM_ASSUMED_WGS84"
"1489298444","38b4c89f-584c-41bb-bd8f-cd1def33e92f","urn:lsid:artportalen.se:Sighting:48703591","Animalia","Chordata","Aves","Gruiformes","Rallidae","Porzana","Porzana carolina",NA,"SPECIES","Porzana carolina (Linnaeus","SE","Skattkärrsområdet","b8323864-602a-4a7d-9127-bb903054e97d",59.413089,13.671451,3000,NA,NA,NA,NA,NA,"1987-06-05T00:00:00Z",5,6,1987,2474639,2474639,"HUMAN_OBSERVATION","ArtDatabanken","Artportalen","84707364","","","","CC0_1_0","Jörgen Josefsson","Jörgen Josefsson",NA,"","2019-01-04T18:41:08.928Z","","COORDINATE_ROUNDED;GEODETIC_DATUM_ASSUMED_WGS84"
"1489470124","38b4c89f-584c-41bb-bd8f-cd1def33e92f","urn:lsid:artportalen.se:Sighting:48949529","Animalia","Chordata","Aves","Gruiformes","Rallidae","Porzana","Porzana carolina",NA,"SPECIES","Porzana carolina (Linnaeus","SE","Ralångens södra del","b8323864-602a-4a7d-9127-bb903054e97d",57.85672,14.843232,83,NA,NA,NA,NA,NA,"1966-06-06T21:00:00Z",6,6,1966,2474639,2474639,"HUMAN_OBSERVATION","ArtDatabanken","Artportalen","85101224","","","","CC0_1_0","Lennart Fritzson","Lennart Fritzson",NA,"","2019-01-04T19:00:48.441Z","","GEODETIC_DATUM_ASSUMED_WGS84"
"1433146839","38b4c89f-584c-41bb-bd8f-cd1def33e92f","urn:lsid:artportalen.se:Sighting:61913806","Animalia","Chordata","Aves","Gruiformes","Rallidae","Porzana","Porzana carolina",NA,"SPECIES","Porzana carolina (Linnaeus","SE","Skattkärrsviken","b8323864-602a-4a7d-9127-bb903054e97d",59.408033,13.692032,750,NA,NA,NA,NA,NA,"1987-06-03T00:00:00Z",3,6,1987,2474639,2474639,"HUMAN_OBSERVATION","ArtDatabanken","Artportalen","101983836","","","","CC0_1_0","Roine Magnusson","Roine Magnusson",NA,"","2019-01-26T08:49:22.142Z","","COORDINATE_ROUNDED;GEODETIC_DATUM_ASSUMED_WGS84"
